PEST CONTROL SPECIALISTS (WEST COAST);152972392;;
PESTATERMITE PEST CONTROL AND TERMITE SPECIALISTS;861000893;;
FLICK ENVIRONMENTAL SERVICES (PTY) LTD;114441033;stuart@flickpest.co.za;
FLICK PEST CONTROL (PMB);333452439;info@flickpmb.co.za;
A1 PEST KILLERS & BEE REMOVALS;219820056;admin@a1pest.co.za;
ABC PEST CONTROL;123412017;enquiries@flickpest.co.za;
FLICK PEST CONTROL (NATAL) CC;312022372;;
SERVICE MASTER;313035155;customercare@servicemaster.co.za;
EFFECTIVE SOLUTIONS CC;118301672;noel@effectivesolutions.co.za;
HYGIENE & BUG'S 'R' US;219495915;bugsrus@telkomsa.net;
SERVICE MASTER (EASTERN PROVINCE);413643237;info@servicemasterep.co.za;
RENTOKIL INITIAL;216704700;pestcontrolza@rentokil-initial.com;
PEST COMBAT PEST SPECIALISTS;169322996;jmills@vodamail.co.za;
AMACHULE CLEANING & PEST CONTROL SERVICES;415816335;info@amachule.co.za;
FUMIGATION GUYS THE;314673333;moona@mweb.co.za;
ZULULAND PEST CONTROL;357724091;zpc@worldonline.co.za;
PESTPRO CC;413792160;pest.pro@telkomsa.net;
ENVIROTECH;117045018;epm@telkomsa.net;
ENVIROBIZ;861086861;sales@envbiz.co.za;
PEST MASTER;437433637;pestm@mweb.co.za;
BAMBANANI PEST CONTROL;413734643;bambanani@telkomsa.net;
LINDOL HYGIENE SERVICES (PTY) LTD;217979551;paula@lindol.co.za;
PESTBUSTERS;114743658;pestbusters@absamail.co.za;
BORER BEETLE SERVICES GENERAL PEST CONTROL;413673769;smoolman@iafrica.com;
ULTRA PEST CONTROL;313049219;ultrapest@telkomsa.net;
PEST SOLUTIONS;315307792;info@pestsolutions.co.za;
HENCHEM ENVIRONMENTAL SOLUTIONS;824165077;enquiries@henchem.co.za;
ABSOLUTE PEST CONTROL;119749557;absolutepestcontrol@telkomsa.net;
BUG BUSTERS PEST CONTROL;314650410;gregbug@telkomsa.net;
PRO CARE PLAAGBEHEER;448710435;info@procaregrg.co.za;
PEST CONTROL SH SERVICES;114219856;;
SUPREME PEST CONTROL;313091600;supremepestcontrol@gmail.com;
HAYCO PROPERTIES CC;414661725;glynishayes@telkomsa.net;
SIDZE PEST MANAGEMENT;797639883;fhedzi@sidzepm.co.za;
ECO FIRST;215528420;eileen@ecofirst.co.za;
PEST SHIELD;314671935;leanne@pestshield.co.za;
HI-TECH PLAAGBEHEER;562151444;hitech@gcs.co.za;
HYGIENE ELITE;233471590;sune@pestelite.co.za;
TERMINATORS THE;414873050;jan@terminators.co.za;
PEST COMBAT PEST SPECIALISTS;129983675;pestcombat@gmail.com;
PEST CONTROL SUIDWES;828014595;chrisk@suidwes.co.za;
PEST CONTROL (ATLANTIS);446952074;alantispestcontrol@telkomsa.net;
PEST CONTROL;823742070;kalahariplaagbeheer@gmail.com;
Flock Off;215104875;flockoff@iafrica.com;
PEST CONTROL ELITE;184682905;pestelite@mweb.co.za;
PEST EX PEST CONTROL;152931289;pestcontrol@laeveld.co.za;
BLOOD SWEAT & TEARS PEST CONTROL;319403663;;
PEST MART;117912646;graham@pestmart.co.za;
ACE EXTERMINATORS;123210029;acepest@mweb.co.za;
SERVICE MASTER;437210555;office@moodies.co.za;
PEST WIZARD PEST CONTROL;824144830;pestwise@telkomsa.net;
BEE FREE;833025623;;
LIBRA PEST CONTROL SERVICES;215316345;librapest@mweb.co.za;
PEST CONTROL SPECIALIST;396951505;;
TERMINATORS PEST CONTROL SERVICES CC;315628891;info@ecopest.co.za;
COOPERS ES (PTY) LTD;514477021;mwbnadel@mweb.co.za;
PEST WARRIORS;833449326;info@pestwarriors.co.za;
PROFESSIONAL PEST CONTROL (NORTHERN NATAL);366374831;norm@telkomsa.net;
EAZI PEST;215516742;gary@eazipest.co.za;
THE AVICE GROUP (PTY) LTD;219305554;penny@avice.co.za;
PEST CONTROL HYGIENE AND CLEANING;152963913;nppestcontrol@absamail.co.za;
CRITTER RIDDERS;119795051;info@critterridders.co.za;
BETHLEHEM PEST CONTROL SERVICES;583036049;bhmpest@xsinet.co.za;
PEST CONTROL SERVICES;277122938;;
DIRK BOTMA PEST CONTROL;393121922;dbpc@vodamail.co.za;
WALKER BAY PEST CONTROL;283163010;wbpestc@mjvn.co.za;
EYE OF AFRICA PEST CONTROL;119254615;eyeofafrica@gmail.com;
SUPER SERVICES PEST MANAGEMENT;313371161;superservices@telkomsa.net;
PESTAWAY;215574037;;
MOLE SOLUTION;826981179;markcoller@telkomsa.net;
TERMINIX;215910358;info@terminix.co.za;
ZIC ZAC CONSTRUCTION & PEST CONTROL;114409125;stanleytsakanest@gmail.com;
ENVIROGURU PESTCARE;833753998;pranilseethal@gmail.com;
ETHEKWINI PEST CONTROL;315391861;epc@mtnloaded.co.za;
ECO PEST;114623954;;
MRS VAN'S CARPET CLEANERS;312612797;kvr@mweb.co.za;
A'AFRICA PEST PREVENTION;514321182;;
GEORGIES PEST KILLERS CC;112119759;gpk@absamail.co.za;
ST PEST CONTROL & CLEANING;152970128;stpestcontrol@gmail.com;
ST FRANCIS BAY PEST CONTROL;832691545;robl@worldonline.co.za;
ABSOLUTE SERVICES;313037630;gary@absoluteservices.co.za;
PLETT PEST & BORER;445336022;pwborer@gmail.com;
PEST RELIEVERS;215923976;info@pestrelievers.co.za;
SERVICE MASTER (NORTHERN NATAL);343124481;;
ULTRABLITS GAUTENG CC;169871891;liebvdw@ultrablitz.co.za;
ASSURED PEST CONTROL;217061590;dee.swan@za.bp.com;
SANDTON PEST CONTROL;118074345;ratman@icon.co.za;
AMATOLA PESTMASTER;458431777;mpdenyssen@gmail.com;
BOLAND PEST CONTROL BK;218724583;info@bolandpest.com;
KILL A BUG;154918755;killabugmakopane@gmail.com;
BAMBOO ENVIRONMENTAL SERVICES CC;112342232;lesley@bambooenviro.co.za;
PEST CONTROL SERVICE INDUSTRIES BOARD;126547708;admin@pcsib.org.za;
THE PEST CONTROL GROUP;713533760;louis.pest.control@gmail.com;
PINNACLE PEST CONTROL BK;113152599;;
AA PEST CONTROL SERVICES;124606284;aapestcontrol@worldonline.co.za;
XMCMD PEST CONTROL AND HYGEN;610649164;;
ASSET PEST CONTROL;399795742;kriantha027@gmail.com;
ALL PEST SOLUTIONS;119522170;info@allpestsolutions.co.za;
ALL AREAS PEST CONTROL JHB NORTH CC;126639655;pestcontrol.allareas@gmail.com;
SWAT PEST CONTROL;861113949;admin@swat-pc.co.za;
ANT-HILL PEST CONTROL CC;129970900;;
PHATSHIMA CLEANING SERVICES;114123841;phatshima@wol.co.za;
ALL PEST SOLUTIONS;119522170;info@allpestsolutions.co.za;
THE COCKROACH GUYS;218562358;thecockroachguy@gmail.com;
AA PEST CONTROL SERVICES;124606284;aapestcontrol@worldonline.co.za;
ALL AREAS PEST CONTROL WEST RAND;723769673;jmcguinness@myconnection.co.za;
GUARDIAN ENVIRONMENTAL SERVICES;217125128;endroach@yahoo.de;
CRITTER RIDDERS;111132;info@critterridders.co.za;
J & B PEST CONTROL;718031661;;
PEST PROHIBITATION;119366149;mkhopolo@gmail.com;
LB PEST CONTROL;126545304;;
A AFRICA PEST PREVENTION;795173265;info@aafrica.co.za;
ECOMIST SA (PTY) LTD;114504472;info@ecomist.co.za;
PINNACLE PEST CONTROL BK;113152599;;
PEST TECH;824644637;;
MOFOMME'S PEST CARE;739444903;mofommen@gmail.com;
PLATEAU HYGIENE;413781272;info@plateauhygiene.co.za;
KASI PEST CONTROL & PROJECTS;726830246;tshidi@in-quest.co.za;
DIAMOND HILL TRADING 169;824153092;;
ECO-SMART PEST CONTROL SERVICES;765094708;info@ecosmartpest.co.za;
S O S PEST CONTROL;118025648;;
C S I PEST CONTROL;437404885;csipestcontrol@telkomsa.net;
SITE SERVE SERVICES;834607661;jlcombrinck@telkomsa.net;
RUSTENBURG PEST CONTROL;836211475;pestbos@mweb.co.za;
AA PEST CONTROL SERVICES;124606284;aapestcontrol@worldonline.co.za;
XMCMD PEST CONTROL AND HYGEN;610649164;;
A' AFRICA PEST PREVENTION;573885060;0573884779@efg.co.za;
GUARDIAN ENVIRONMENTAL SERVICES;217125128;endroach@yahoo.de;
ASSET PEST CONTROL;399795742;kriantha027@gmail.com;
CRITTER RIDDERS;111132;info@critterridders.co.za;
ABC PEST CONTROL SERVICES;333911012;abcpestcontrol@telkomsa.net;
ELECTRO BIZZ INTERNATIONAL TRADING;128037222;marco@electrobizz.co.za;
PINNACLE PEST CONTROL BK;113152599;;
VECTOR PEST AND WEED CONTROL;123290064;vectorpest@eburst.co.za;
NAIDOO;314042189;;
MOFOMME'S PEST CARE;739444903;mofommen@gmail.com;
PEST CONTROL BUREAU (PTY) LTD;114782058;john@pestcontrol.co.za;
KASI PEST CONTROL & PROJECTS;726830246;tshidi@in-quest.co.za;
ALL AREAS PEST CONTROL;176472016;;
ENVIROQUEST PEST CONTROL;216335499;fareed@enviroquest.co.za;
SWAT PEST CONTROL;861113949;admin@swat-pc.co.za;
S A PEST ELIMINATORS & HYGIENE SERVICES;315651992;sa.pest@telkomsa.net;
SIYAZAMA PEST CONTROL;724804159;siyazamapc@gmail.com;
CONTRACTOKIL SA CC;215527240;;
ALL PEST SOLUTIONS;119522170;info@allpestsolutions.co.za;
ECOLAB PEST DIVISION;219075600;;
HURRICANE PEST CONTROL;825303874;hurricanepestcontrol@gmail.com;
PEST INVASION CONTROL PRETORIA;124606284;aapestcontrol@worldonline.co.za;
ASSET PEST CONTROL;399795742;kriantha027@gmail.com;
PEST CONTROL COMPANY;833000451;pccdbn@gmail.com;
ECOPOISE PEST & HYGIENE;163491841;ruwan@ecopoisepest.com;
ELECTRO BIZZ INTERNATIONAL TRADING;128037222;marco@electrobizz.co.za;
COAST TO COAST PEST CONTROL;213712864;coast2coastpestcontrol@telkomsa.net;
PEST TECH;824644637;;
PEST CONTROL BUREAU (PTY) LTD;114782058;john@pestcontrol.co.za;
KASI PEST CONTROL & PROJECTS;726830246;tshidi@in-quest.co.za;
ALL AREAS PEST CONTROL;176472016;;
RASKAT;116154527;;
TAPSON;475311290;;
CONTROL SERVICES;319022101;kilpestcontrol@gmail.com;
ANT-HILL PEST CONTROL CC;129970900;;
ALL AREAS PEST CONTROL JHB NORTH CC;126639655;pestcontrol.allareas@gmail.com;
SWAT PEST CONTROL;861113949;admin@swat-pc.co.za;
C S I PEST CONTROL;437404885;csipestcontrol@telkomsa.net;
A BETTER PEST CONTROL;119545268;;
ALL AREAS PEST CONTROL WEST RAND;723769673;jmcguinness@myconnection.co.za;
GUARDIAN ENVIRONMENTAL SERVICES;217125128;endroach@yahoo.de;
ASSET PEST CONTROL;399795742;kriantha027@gmail.com;
THE PEST CONTROL GROUP;713533760;louis.pest.control@gmail.com;
PEST PROHIBITATION;119366149;mkhopolo@gmail.com;
LB PEST CONTROL;126545304;;
A AFRICA PEST PREVENTION;795173265;info@aafrica.co.za;
ECOPOISE PEST & HYGIENE;163491841;ruwan@ecopoisepest.com;
PEST TECH;824644637;;
MODERN PEST CONTROL;117681496;;
DIAMOND HILL TRADING 169;824153092;;
PEST CONTROL SPECIALISTS (RANDBURG);118869454;nick@pestcontrolsandton.co.za;
ECO-SMART PEST CONTROL SERVICES;765094708;info@ecosmartpest.co.za;
ECO SMART PEST CONTROL;765094708;aaron@ecosmartpest.co.za;
CONTROL SERVICES;319022101;kilpestcontrol@gmail.com;
CANNON HYGIENE;219318228;tobie.muller@cannonhygiene.co.za;
PEST KING;767622397;dbnfum@mweb.co.za;
JUST PEST CONTROL CC;312024262;info@justpestcontrol.co.za;
BUDGET PEST CONTROL;413734703;budgetpestcontrol@telkomsa.net;
INSPECT-A-PEST;333455156;devan@inspectapest.co.za;
NATAL PEST SERVICES CC;312055354;info@natalpestservices.co.za;
LAMINENO FUMIGATION SERVICES CC;314038592;lamineno@mweb.co.za;
EAST COAST FUMIGATION & PEST CONTROL CC;437224604;ecoast@iafrica.com;
CONTRACTOKIL;114441033;;
SWAT EXTERMINATORS & WEED CONTROL;333948501;fleaz@zamail.co.za;
ITC PEST CONTROL;221000408;itcpestcontrol@telkomsa.net;
ECOLAB;514486334;anime.vanzyl@ecolab.com;
GEORGIE'S PEST KILLER CC;315665442;gpk@absamail.co.za;
FUMIGATION & MARINE SERVICES;314654995;peterw@flickpest.co.za;
BORDER PEST CONTROL;437354610;border@telkomsa.net;
BUGS BE GONE;333302713;jean.c@mweb.co.za;
PEST CONTROL PHALABORWA;157811525;llsmit@mweb.co.za;
CREATE YOUR SPACE;736520656;;
HURRICANE PEST CONTROL;825303874;hurricanepestcontrol@gmail.com;
PEST CONTROL SERVICE INDUSTRIES BOARD;126547708;admin@pcsib.org.za;
PEST GO;219191776;lynne@pestgo.co.za;
FAR NORTH CLEANING AND PEST CONTROL;152930882;;
MIDDELBURG PEST CONTROL;132452017;;
PESCO SERVICES;315632353;pesco@saol.com;
KEEL OVER;317004884;keelover@mweb.co.za;
LEAP PEST CONTROL (PTY)LTD;312059753;sales@leappestcontrol.co.za;
OLYMPIC PEST CONTROL;333874174;olympic@telkomsa.net;
SADIE'S PEST CONTROL CC;314664736;sadiespestcontrol@telkomsa.net;
UNI-PEST SERVICES;314030418;unipest@telkomsa.net;
PEST MANAGEMENT SERVICES;314648152;desan@absamail.co.za;
PEST CONTROL SPECIALISTS;136903180;niekie@witbankpest.co.za;
TIRANI GROUP;737265016;tiranigroup@webmail.co.za;
PEST AND WEED CONTROL PROFESSIONALS CC;123770013;pestandweedprof@gmail.com;
24/7 BEE REMOVAL;836762081;nwanzelle@mweb.co.za;
UNIQUE PEST CONTROL CC;314046519;leti.upc@gmail.com;
GLOBAL PEST CONTROL SERVICES;325339768;himalsinghinc@hotmail.com;
RICO'S PEST CONTROL;315076676;;
PEST HUNTERS;727501409;;
RENTIKOL-INTITIAL;102481300;;
TRUST PEST SOLUTIONS;836555771;trustpest@telkomsa.net;
IMONTI PEST CONTROL;724762904;sheneerar@ecglob.co.za;
PEST HUNTERS;727501409;;
FUMIG8 FUMIGATION AND PEST CONTROL SERVICES;117836500;admin@fumig8.co.za;
NEWS RAND BUSINESS ENTERPRISE CC;111810468;newsrandbusiness@telkomsa.net;
24/7 BEE REMOVAL;836762081;nwanzelle@mweb.co.za;
A' AFRICA PEST PREVENTION;784587342;;
COCKROACH-FREE.COM;219795997;help@cockroachfree.com;
DE-PESTER;832967486;1depester@gmail.com;
PEST CONTROL SPECIALISTS;136903180;niekie@witbankpest.co.za;
TIRANI GROUP;737265016;tiranigroup@webmail.co.za;
KHABZO PEST CONTROL;727255754;;
ALERT PEST CONTROL;164284398;lsi@lantic.net;
PEST AND WEED CONTROL PROFESSIONALS CC;123770013;pestandweedprof@gmail.com;
APPROVED CLEANING;823313292;gerhard@apc.za.com;
EYE OF AFRICA PEST CONTROL;119254615;eyeofafrica@gmail.com;
RENTIKOL-INTITIAL;102481300;;
LAEVELD AGROCHEM;186323010;;
KILPEST (PTY) LTD;217037713;kilpestcontrol@gmail.com;
PESTBUSTERS;132824575;pestbusters@absamail.co.za;
TRUST PEST SOLUTIONS;836555771;trustpest@telkomsa.net;
LEPRO CLEANING SERVICE;105922699;lendlovu@lepro.co.za;
ECOSMART PEST CONTROL;119158735;;
RENTOKIL INITIAL (PTY) LTD;152932110;pestcontrolza@rentokil-initial.com;
BIRD PROOFING & EVICTION;114666100;pests@mweb.co.za;
BUDGET PEST CONTROL;437351467;pwilkie@budgetpestcontrol.co.za;
HANKAI PEST CONTROL;733870096;hk2428@ovi.com;
ALERT PEST CONTROL;164284398;lsi@lantic.net;
APPROVED CLEANING;823313292;gerhard@apc.za.com;
ELECT TO SERVE;312078127;justgen@iafrica.com;
24/7 BEE REMOVAL;836762081;nwanzelle@mweb.co.za;
GLOBAL PEST CONTROL SERVICES;325339768;himalsinghinc@hotmail.com;
RICO'S PEST CONTROL;315076676;;
ALL AREAS PEST CONTROL;329462510;allareaspestcontrol@yahoo.com;
ALL ABOUT PEST CONTROL;227627174;;
EYE OF AFRICA PEST CONTROL;119254615;eyeofafrica@gmail.com;
SOWETO PEST CONTROL;119382031;sowetopestcontrol@vodamail.co.za;
ORKIN PEST CONTROL PTY LTD;216970805;info@orkin.co.za;
TRUST PEST SOLUTIONS;836555771;trustpest@telkomsa.net;
EXPRESS FUMIGATION;314664682;office.fumigation@gmail.com;
FUMIG8 FUMIGATION AND PEST CONTROL SERVICES;117836500;admin@fumig8.co.za;
PEST CONTROL PROFESSIONALS;568112022;pestcontrol@netactive.co.za;
FLICK PEST CONTROL & ELECTRICAL;415863379;flickpestpe@telkomsa.net;
BLOEMFONTEIN SELF STORAGE;832127150;heinrich@bloemstorage.co.za;
NELEDZI CLEANING SERVICES (PTY) LTD;114536008;info@neledzi.com;
CLEANING SOLUTIONS;832720843;;
AMIGA CLEANSING SERVICES CC;219055970;info@amiga.co.za;
IMAGE CLEANING & HYGIENE;317663062;chad@imagecleaning.co.za;info@imagecleaning.co.za
VREDEBEST REMOVALS;446952258;vredebest@webmail.co.za;
CORE HYGIENE & PEST CONTROL SERVICES;835549641;info@coreservices.co.za;
PESTATERMITE PEST CONTROL AND TERMITE SPECIALISTS;164211002;;
RAPTOR FORCE;766454919;alan@raptor-force.com;
PEST B GONE;218554027;;
Metro Sanitary Solutions;861445522;accounts@metrosan.co.za;
NEW ERA;128040772;accounts@newera.co.za;
RENTOKIL NAMIBIA;61271515;info@rentokil.com.na;
STEINER;437263939;;
THE MOLE MAN PEST CONTROL;217854243;themoleman@gam.co.za;
NAMCHEM PEST CONTROL CC;64202128;namchem@mweb.com.na;
UBUNYE CLEANING SERVICES;118053080;richard@ubunye.co.za;
DYNAMIC PEST SERVICES;835293842;;
CANNON HYGIENE SA (PTY) LTD;860226000;gideon@cannonhygiene.co.za;
PERSONAL TOUCH CC;217058002;ptouch@iburst.co.za;
HYGIENE SUPPLIES;741264611;dlockman@hygienesupplies.co.za;
BIRD DETERRENT SPECIALISTS;217977788;info@bds.org.za;
SECURA FENCE CC;832843320;secura@mweb.co.za;
TOTAL HYGIENE;123481881;;
BADIRAMMOGO TEA CLEANING SERVICES;733176479;badirammogo.teacleaning@gmail.com;
PESTOKIL;217127324;info@pestokil.co.za;
STEINER HYGIENE;538314978;andread@steiner.co.za;
CGM SECURITY & CLEANING DIVISION;219511412;cgmsecuritysolutions@telkomsa.net;
BIDVEST STEINER HYGIENE;343758638;mijettev@steiner.co.za;
ZAMA SPECIALIZED CLEANING;215550352;info@visual.org.za;
REAKGONA COMMERCIAL AND INDUSTRIAL HYGIENE;123232857;christopherk@reakgonahygiene.co.za;
ELIMINATOR PEST CONTROL SERVICES;825603482;lharrison1000@telkomsa.net;
ECOLAB (PTY) LTD;113931567;;
MORENA CORPORATE SERVICES;118246229;elliot.mokone@morena.co.za;
HOMEGUARD CLEANING SERVICES;832271098;homeguardcs@telkomsa.net;
UBUNTU HYGIENE;414510226;admin@ubuntuhygiene.co.za;
PEST CONTROL SERVICE;137503017;info@pestcontrolservice.co.za;
PESTGUARD ELECTROGUARD;343125202;pestguard@telkomsa.net;
ALCOCK'S PEST CONTROL (PTY) LTD;315639655;;
BIDVEST STEINER;537120022;roelofn@steiner.co.za;
STEINER HYGIENE;860101180;jackiea@steiner.co.za;
ROYAL CLEANING & PEST CONTROL;184641764;george@nwroyalcleanpest.co.za;
DOT FIRE CC;152636356;thabo@dotfire.co.za;
SERVICE MASTER;333972233;customercare@servicemaster.co.za;
ROOF RATS;114620209;info@roofrats.co.za;
SWIHARI BUSINESS PROJECTS (PTY) LTD;137527927;;
TRUE LABOUR CONCEPT;414536276;kate-tlc@global.co.za;
BIDVEST STEINER;543321029;louwtjieb@steiner.co.za;
PEST FORCE PEST CONTROL;119630787;pestforce@mweb.co.za;
PEST SERVICE EXCELLENCE CC;314650930;ramos.paul58@yahoo.com;
JACKIE'S CLEANING SERVICES;218555572;info@jackies.co.za;
PESTLAB SPECIALISTS CC;314049807;pestlab.spec@yahoo.com;
ALL HOURS DAY & NIGHT;123770242;joggiedp@gmail.com;
STEINER HYGIENE (PTY) LTD;126612250;info@steiner.co.za;
ENVIRO PEST CONTROL CC;61242480;epc@iway.na;
ENGOZA HYGIENE;824477366;uniclean@telkomsa.net;
MANTELLE MARKETING (PTY) LTD;218433966;info@insectcontrol.co.za;
IKHAYELIHLE CLEANING SERVICES;313120900;ikhayelihle@worldonline.co.za;
RENTOKIL INITIAL;448782820;;
PEST ANNIHILATOR;218517714;pestannihilator@gmail.com;
DEGESCH S A (PTY) LTD;119742338;eddiepest@absamail.co.za;
SESFIKILE CLEANING SERVICES CC;113901976;;
KING CAKE PARTY CITY;215111689;;
BLASTECH;355502007;mpc@yebo.co.za;
PEST CONTROL (OVERBERG);283122225;;
ERADICO PEST CONTROL;116998630;;
PLAN MAKERS CC;118652254;accounts@planmakers.co.za;
BORDER BEE REMOVALS;837377337;border@telkomsa.net;
LA FANCY KAY;152931936;info@lafancykay.co.za;
PEST CONTROL SERVICES;64204054;pestcontrol@iway.na;
MOODIES FUMIGATION;437210551;office@moodies.co.za;
CITY PEST CONTROL CLEANING & RENOVATIONS;812429617;;
PEST-X-PERTS;137415468;pestxperts@mweb.co.za;
Nenzo Pest Control;110381658;nenzotrading@gmail.com;
DURBAN NORTH PEST CONTROL CC;315636486;durbannorthpestcontrol@gmail.com;
PHILL MEDIC SERVICES CC;317008623;phillmedic@vodamail.co.za;
SPEEDY PEST CONTROL;319032514;speedypestcontrol@telkomsa.net;
GATEWAY PEST SERVICES CC;315005635;0315002354@efg.co.za;
CHRISTIAN MEDIA PUBLISHING;861888327;;
RENTOKIL INITIAL;366312502;;
FOCUS PEST CONTROL;219147777;info@focussa.com;
TOTAL PEST CONTROL;812933147;;
PRESTO PEST CONTROL AND CLEANING SERVICES;66267083;;
PEST DARRIER PEST CONTROL;147362207;;
D AND A FUMIGATION SERVICES;343127249;dafumigationservices@telkomsa.net;
BRILLIANT CLEANING;118672403;brilliant@brilliantcleaning.co.za;
SIDI PARANI (EDMS) BPK;532982817;bennieb@sidip.co.za;
HAPPY HIVES HONEY FARMS;827846239;pgmcab@tiscali.co.za;
SOUTH END ENVIRONMENTAL SERVICES;217041389;sees@tiscali.co.za;
MOSTERT PEST CONTROL;538315434;;
PESTNET;219759201;pestnet@mweb.co.za;
D F ENTERPRISES;414510744;admin@dfenterprise.co.za;
NN ENVIRONMENTAL PEST CONTROL SERVICES;315726072;nnepcs@vodamail.co.za;
DYNAMIC CLEANING SOLUTIONS;215114444;info@dynamic-cleaning.co.za;
ZACHAR CLEANING SERVICES;824546351;brassell@iafrica.com;
PEST-ASIDE PEST CONTROL CC;319162105;pestaside@mweb.co.za;
C AND K PEST SOLUTIONS;177140834;pestkevin@lantic.net;
POPS PEST CONTROL;333949294;yolannaicker12@gmail.com;
RAD PEST CONTROL;498910582;radpeffer@lantic.net;
JOHN HORTON CATERERS;413673030;;
XSIT;229212993;;
SERVICE MASTER;448714976;0448745625@efg.co.za;
PESTEC;842590665;pestec@telkomsa.net;
COOPERS ENVIROMENTAL SCIENCE;61249770;;
BRINTECH;215594810;john@brintech.co.za;
INSECTA INSPECTA;215595181;;
VICTOR'S PEST CONTROL AND SERVICES;333912646;;
RILEY'S EXTERMINATORS;396951976;;
BIOPEST;114330216;sales@biopest.co.za;
ONLINE PEST MANAGEMENT CC;114627126;;
ELIJAH'S PEST CONTROL;317641228;;
STOPEST CC;514367542;;
ORION FACILITIES MANAGEMENT;117186452;lindsayb@orion-hotels.co.za;
COLTEC;116242679;talboteng@mweb.co.za;
KOUGA PEST CONTROL;722100908;;
KILL-A-BUG;116923023;;
PEST CONTROL SPECIALISTS (PTY) LTD;;;
KATANGA PROPERTY CARE;116998888;;
MR PEST & TIMBER PRESERVATION SERVICES CC;315665578;;
PEST CONTROL SPECIALISTS T/A SAMAPELA PEST;573523532;;
BIOLOGIC (NON TOXIC MOSQUITO REPELLENT);119413038;;
LINK HYGIENE;732047356;linkhygiene@iburst.co.za;
BUGS AWAY;318373072;reliantagencies@gmail.com;
CLASSIC PEST CONTROL;414575774;;
REAL EXTERMINATORS PEST CONTROLLER & CLEANERS;738078692;info@realexterminators.co.za;
MOSTERT PEST CONTROL;164231650;vaal@mostertpestcontrol.co.za;
INSECTA PEST CONTROL;314641284;;
PESTKILL;396952764;;
COSMOS POST CONTROL CC;715751944;;
PESTATERMITE CC;137555076;;
ZIC ZAC CONSTRUCTION & PEST CONTROL;158140083;;
E P PEST CONTROL CC;415812481;;
PIONEER PEST CONTROL;;;
SERVICE MASTER - PEST CONTROL AND WINDOW CLEANING;313035151;customercare@servicemaster.co.za;
LEVY T/A MEDIKILL;114872013;;
BAN PEST CONTROL SERVICES;314016162;;
COLTECH ENVIRONMENTAL SOLUTIONS;217611976;admin@sepc.co.za;
CURAPEST (PTY) LTD;128043953;;
ERMELO DOOR CENTRE & HARDWARE;178191512;pls@wam.co.za;
PEST BUSTING WP;219817957;talk@pestbusterswp.co.za;
EMBRACE PROJECTS;218520906;;
PEST CONTROL SPECIALISTS (PTY) LTD;123181156;;
AMALGAMATED PEST INDUSTRIES;123415259;;
BIOLOGIC (NON TOXIC MOSQUITO REPELLENT);119413038;;
MAXIMA PEST CONTROL;442726097;;
JEHOVA'S WITNESSES;396950260;;
INM OUT DOORS;114524446;;
A1 PEST KILLERS SPECIALISTS;117631002;anne@a1pest.co.za;
FALSE BAY FUMIGATION;217855285;;
PESTATERMITE CC;123292593;;
BESTER VOER AND GRAAN (EDMS) BPK;218092500;info@bester.co.za;
RUTHERFORD PEST SERVICES CC;827760659;;
MATLA ENVIRONMENT & PEST SERVICES;137376681;matlapestservices@telkomsa.net;
X STERILE INSECT TECHNIQUE (PTY) LTD;229212262;;
AMALGAMATED PEST INDUSTRIES CC;114441038;;
PEST CONTROL SPECIALISTS (PTY) LTD;216834980;;
PORT NATAL PEST CONTROL;312012022;;
ENVIROTECH;475313779;;
SPECTEK;217628468;billyspectek@polka.co.za;
KHULULEKA PEST CONTROL;117604330;;
NAMBITI FLOOR CARE;366311664;;
EASY PEST;218560405;;
HONEY & HIVE;826553463;;
SERVICE MASTER (SOUTH COAST);396950879;loueen@pestkill.co.za;
PESTFREE PEST CONTROL;118884371;seanqvdw@mweb.co.za;
FARMHOUSE BILTONG;837708007;judith@farmhousebiltong.co.za;
A B C PEST CONTROL;114441057;;
OLYMPIC PEST CONTROL;314040233;;
ZAPTRON PEST SOLUTIONS;214482821;;
KOPANANG ENVIROMENTAL SERVICES;76424652;;
WOMEN @ WORK CLEANING SERVICES CC;824994461;women.work@iburst.co.za;
D SOLUTION;283152798;dsolution@vodamail.co.za;
ALL ROUND PEST CONTROL;448707748;;
EXPERT HYCARE AND PEST CONTROL SOLUTIONS CC;216921083;expertpestcontrolsolution@gmail.com;
MR PEST CONTROL;215726697;;
PEST CONTROL SHOP;113943942;orders@pestcontrol.co.za;
DEAD-RITE PEST CONTROL;314061029;dpcservices@yahoo.com;
PEST & WEED AWAY;538324109;pestandweed@mtnloaded.co.za;
VAN DYK PEST CONTROL;832290215;;
A A A BUG BUSTERS;128039298;ljcilliers@yahoo.co.uk;
SPECTEK;217628468;billyspectek@polka.co.za;
PESTPRO;437367022;;
COASTAL PEST CONTROL;399781098;;
CHEZMARK CLEANING SERVICES;113933096;info@chezmarktrading.co.za;
MCDADE'S PEST CONTROL;314674764;;
PESTFREE PEST CONTROL;118884371;seanqvdw@mweb.co.za;
HANDSOME PEST CONTROL;834726863;;
PEST-A-MITE;844230212;;
ECOLAB (PTY) LTD;219075600;;
ANTI-PEST;835121763;;
ALL KILL PEST CONTROL;845112228;allkill@vodamail.co.za;
UNIQUE PEST CONTROL;314046519;;
PEST CONTROL SPECIALISTS (RASLOW);126561341;;
PIED PIPER (PTY) LTD;824547071;;
A A COBRA PEST CONTROL;119541856;;
PEST CONTROL SHOP;113943942;orders@pestcontrol.co.za;
CLEANING SPECIALIST (WITBANK);828929900;;
EVOSAT (PTY) LTD;;;
RENT A GARDENER (PTY) LTD INCORPORATING RENT A DOMESTIC;861828907;sales@rentagardener.co.za;
STEINER HYGIENE (PTY) LTD;215323045;;
PESTPRO;437367022;;
ECOLAB PTY LTD;514486334;rosemarie.smith@mweb.co.za;
EASTERN CAPE BIRD CONTROL;413684422;willie@ecbird.co.za;
BIDVEST STEINER WADEVILLE;860101180;info@steiner.co.za;
BIOLOGIC (NON TOXIC MOSQUITO REPELLENT);119413038;;
NATIONAL PEST CONTROL;824904696;;
BLUE NIGHTINGALE TRADING;126567689;;
PESTFREE PEST CONTROL;118884371;seanqvdw@mweb.co.za;
PEST CONTROL SPECIALISTS SA (PTY) LTD;186320005;;
TREE WORKS;118848088;info@treeworks.co.za;
BUGS & SPARKS CC;829286148;craig@bugsandsparks.co.za;
WOMEN @ WORK CLEANING SERVICES CC;824994461;women.work@iburst.co.za;
CALIBRE SERVICES GROUP;215562330;info@calibreservices.co.za;
ABSOLUTE PEST CONTROL (WESTERN CAPE);219103512;;
MOLE SPECIALIST;219757851;inusk@mweb.co.za;
PRO-PEST SERVICES;315691516;;
OUTENIQUA ROOFING & MAINTENANCE;448743204;;
PROPEST;139325053;;
ERMELO DOOR CENTRE & HARDWARE;178191512;pls@wam.co.za;
S A HEALTH PROTECTING SERVICES CC;315631183;;
SUPER PEST CONTROL;227142962;;
ONLINE PEST MANAGEMENT CC;114627126;;
KASI PEST CONTROL & PROJECTS;726830246;;
PESTMAC;216375458;pestmac@telkomsa.net;
ALF'S PEST SERVICES;832819559;;
NATS PEST CONTROL & CONSTRUCTION CC;183842954;natspestcontrol@anazi.co.za;
SUPERIOR PEST EXTERMINATORS;319163916;;
PESTWORX;333442175;yvonnem@mweb.co.za;
ZAPTRON PEST SOLUTIONS;214482821;;
PEST CONTROL SPECIALISTS SA (PTY) LTD;186320005;;
GREENMACHINE;116998700;info@sterikleen.co.za;
HUMBA CLEANING AND SECURITY SERVICES;119334824;titchahumba@yahoo.com;
PEST CONTROL;125484086;;
PRO-PEST SERVICES;315691516;;
SUPERCARE SERVICES GROUP;514300237;jhb@supercare.co.za;
NORTH COAST HYGIENE & PEST SERVICES;324564459;;
TSHIDZATE PEST CONTROL & FUMIGATION;843523919;;
PEST & WEED AWAY;538324109;pestandweed@mtnloaded.co.za;
RENT A GARDENER (PTY) LTD INCORPORATING RENT A DOMESTIC;861828907;sales@rentagardener.co.za;
BIRD CONTROL SERVICES;317671463;birdman@global.co.za;
AB PEST CONTROL & CARPET CLEANING;834782260;;
JEHOVAH'S WITNESSES;413738682;;
ENVIROTECH;437221560;;
CLASSIC PEST CONTROL;414575774;;
PINETOWN PEST AND HYGIENE SOLUTION;317029856;;
ALL AREAS PEST CONTROL;832254936;;
J R PEST CONTROL;329441675;info@jrpestcontrol.co.za;
CALIBRE SERVICES GROUP;215562330;info@calibreservices.co.za;
THE EXPERIENCE PEST CONTROL;839572110;;
STEINER ENVIRONMENTAL SOLUTIONS (PTA);125485637;;
OLYMPIC PEST CONTROL;826287800;;
BUGBUSTERS CC;215591570;;
X STERILE INSECT TECHNIQUE (PTY) LTD;229212262;;
BIRD CONTROL SPECIALIST;824450248;aanhuizenw@teldir.co.za;
GKO HEALTH SERVICES (PTY) LTD;282123136;grant@gkohealthservices.com;
PESTATERMITE CC;;;
PINNACLE PEST CONTROL CC;;;
BLUE DOT PROPERTY SERVICES;219761838;;
UPINGTON PEST CONTROL;543311137;;
S W PEST CONTROL;722391755;;
ALF'S PEST SERVICES;832819559;;
PESTWISE CC;317656360;;
ECOLAB (PTY) LTD;313096151;priscilla.chetty@ecolab.com;
ALL AREAS PEST CONTROL;832254936;;
SWAT PEST CONTROL (SOUTHERN CAPE);448770186;sydow@lantic.net;
XCELL ENVIRONMENTAL SERVICES;218571410;;
WOMEN @ WORK CLEANING SERVICES CC;824994461;women.work@iburst.co.za;
BIOPEST;114330216;sales@biopest.co.za;
TWIN PLACE CLEANING SERVICES;766380150;;
CREATE A PERFUME CC;;;
EXPERT HYCARE AND PEST CONTROL SOLUTIONS CC;216921083;expertpestcontrolsolution@gmail.com;
MOLE ZAPPER;217032645;ssigns@ssigns.co.za;
OPA CLEANING SERVICES;731127713;opa_cleaning@yahoo.com;
RAMOSHABA CLEANING AND MAINTENANCE;861727327;rapeccs@telkomsa.net;
PESTNET CC;219758716;;
BAN PEST CONTROL SERVICES;314016162;;
PEST GONE;145941055;;
DEAD-RITE PEST CONTROL;314061029;dpcservices@yahoo.com;
LINLOS INVESTMENTS CC;437224901;linlos@mweb.co.za;
ALLABOUTXPERT;215103170;info@allaboutxpert.com;
ASHBURNE VETERINARY CLINIC;315621040;suzy2000@mweb.co.za;
SA PEST CONTROL ASSN;126548038;admin@pcsib.org.za;
S W PEST CONTROL;722391755;;
SCIENTIFIC HEALTH CARE CC;113943941;customercare@spcs.co.za;
SAMAMPELA PEST;573523532;;
BLOCK OUT INSECT SCREENS;216711520;;
THEUNISSEN;233134981;;
A D P PEST CONTROL;763171736;;
T & I CLEANING SERVICES;848601350;tami81.tm@gmail.com;
PEST-A-MITE;844230212;;
ABSOLUTE CARPET CLEANING AND PEST CONTROL;215570755;valerie@absoluteccp.com;
MOLE SPECIALIST;219757851;inusk@mweb.co.za;
BLESSING PEST CONTROL;114344450;fortunatkajinga@webmail.co.za;
PESTATERMITE CC;123293617;;
A A COBRA PEST CONTROL;119541856;;
DIRANE ENVIRONMENTAL PROJECTS CC;125483203;;
ENVIROTECH;414841938;;
DEAD-RITE PEST CONTROL;314061029;dpcservices@yahoo.com;
PRETORIUS;164226096;;
ALL KILL PEST CONTROL;794986530;;
KHULULEKA PEST CONTROL;117604330;;
ECOLAB PTY LTD;514486334;rosemarie.smith@mweb.co.za;
STOPEST CC;514367542;;
HONEY & HIVE;826553463;;
CENTRAL FUMIGATION;313031010;admin@centralfumigation.co.za;
BUGBUSTERS CC;215591570;;
PESTATERMITE CC;152932851;;
PEST-A-MITE;844230212;;
REAL EXTERMINATORS PEST CONTROLLER & CLEANERS;738078692;info@realexterminators.co.za;
PEST KING (NATAL);314633802;;
ALL AREAS PEST CONTROL;355502930;allareaspc@telkomsa.net;
PEST CONTROL EXPERTS;715906630;info@pestcontrolexperts.co.za;
MOSTERT PEST CONTROL;164231650;vaal@mostertpestcontrol.co.za;
BESTER VOER AND GRAAN (EDMS) BPK;218092500;info@bester.co.za;
MAHALA PEST CONTROL;845611690;;
OPA CLEANING SERVICES;731127713;opa_cleaning@yahoo.com;
EVOSAT (PTY) LTD;214883940;;
MPATI PEST CONTROL;342181877;;
PIED PIPERS CC;117685600;;
ACTIVE FUMIGATION SERVICES;218535920;;
PESTGUARD;363525209;;
KHULULEKA PEST CONTROL;117604330;;
KHABA PEST CONTROL;848915041;;
PEST CONTROL ANYWHERE;769719917;;
QUALITY PEST CONTROL SERVICE;123744782;;
JPL CHEMICALS & PEST CONTROL CC;126674675;;
DON'S PEST CONTROL;739810418;;
SOIL FUMIGATION NELSPRUIT;130047178;;
HYGIENE AND BUGS;219495915;;
ANTI-PEST;835121763;;
CHARLS FUMIGATION SERVICES CC;137125478;;
THE SERVICE COMPANY;861222233;;
EVOLUTION PEST AND HYGIENE SERVICES CC;213710151;info@evolutionpestcontrol.co.za;
IMPILO HYGIENE SERVICES CC;217970510;;
MOLE-AWAY CC;218532180;mwmole@mweb.co.za;
ENVIROTECH;475313779;;
DENNISON;116839559;;
FLICK PEST CONTROL;217882075;accounts@flickpestcontrol.co.za;
SPECTEK;217628468;billyspectek@polka.co.za;
JEHOVAH'S WITNESSES;413738682;;
TECHNOKIL CC;219512424;;
SERVICE MASTER PEST CONTROL MPUMALANGA;132571010;;
NATIONAL PEST CONTROL;824904696;;
SOIL FUMIGATION NELSPRUIT;130047178;;
KILL-A-BUG;116923023;;
VERTE PEST MANAGEMENT;721133804;info@pestsupport.com;
HOUSE OF NARBON CC;;;
FALSE BAY FUMIGATION CC;217855285;;
HUMBA CLEANING AND SECURITY SERVICES;119334824;titchahumba@yahoo.com;
STEINER HYGIENE;215323045;wayneg@steiner.co.za;
SOUTH COAST PEST CONTROL;396822957;pdreyer@venturenet.co.za;
ASTUTE PEST CONTROL;837812857;info@astutepestcontrol.co.za;
TWIN PLACE CLEANING SERVICES;766380150;;
ERASER PEST ELIMINATION SERVICES;827197168;emiddlekoop@gmail.com;
STEINER ENVIRONMENTAL SOLUTIONS (PTA);125485637;;
E P PEST CONTROL CC;415812481;;
PEST CONTROL SPECIALISTS (PTY) LTD;216834980;;
COMBAT PEST CONTROL;842002700;jason@combatpestcontrol.net;
ERMELO DOOR CENTRE & HARDWARE;178191512;pls@wam.co.za;
BUG BUSTER;415823456;;
HAYES PEST CONTROL;414665404;glynishayes@telkomsa.net;
ALL AREAS PEST CONTROL;835378434;gpclassen@telkomsa.net;
FARMHOUSE BILTONG;837708007;judith@farmhousebiltong.co.za;
EXPRESS FUMIGATION SERVICES CC;860449007;office.fumigation@gmail.com;
AFRICA CLEANING SERVICES;861424844;info@acs.co.za;
SOIL FUMIGATION NELSPRUIT;130047178;;
PESTGUARD (PTY) LTD;217061247;;
J C SERVICES;823329696;;
RINAS RENTALS;147633170;;
THE SPECIALISTS HOLDING;116921149;;
AVICE PEST CONTROL;413607043;;
PESTNET CC;219758716;;
LAWDAV DEVELOPMENTS CC;217612406;;
SITE SERVE SERVICES;333433804;;
ENVIROTECH;414841938;;
DIAMANTSTAD PLAAG-EN ONKRUIDBEHEER;538611606;;
ALL ABOUT PROJECT MNG;113272474;;
AAPC PEST CONTROL;861777024;;
ONLINE PEST MANAGEMENT CC;114627126;;
INTUSERV (PTY) LTD;313092718;services@intuthukoholdings.co.za;
ALF'S PEST SERVICES;832819559;;
DIAMOND CITY PEST & WEED CONTROL;828008778;;
VERMINATOR;877029798;info@verminatorpestcontrol.co.za;
PESTROLEC;219825841;;
PESTFREE PEST CONTROL;118884371;seanqvdw@mweb.co.za;
PESCO TABLE VIEW;215572629;;
VERTE PEST MANAGEMENT;721133804;info@pestsupport.com;
PEST CONTROL PROFESSIONALS POTCH CC;568112022;;
PEST DETECTIVES CC;116745397;;
PESTATERMITE CC;;;
ENTOMON TECHNOLOGIES (PTY) LTD;218829164;;
KILL ZONE PEST CONTROL;711679645;;
PASTOLI CHEMICALS;312662977;;
PESTATERMITE CC;137555076;;
PEST CONTROL SPECIALISTS (PTY) LTD;114333570;;
X STERILE INSECT TECHNIQUE (PTY) LTD;229212262;;
HOWICK PEST AND WEED CONTROL;333303625;gold@netfocus.co.za;
FLICK PEST CONTROL;217882075;accounts@flickpestcontrol.co.za;
ECOLAB PTY LTD;514486334;rosemarie.smith@mweb.co.za;
MULTI-PEST SERVICES;217973427;info@multipest.co.za;
NATS PEST CONTROL & CONSTRUCTION CC;183842954;natspestcontrol@anazi.co.za;
PEST CONTROL SPECIALISTS (PTY) LTD;137526038;;
FARMHOUSE BILTONG;837708007;judith@farmhousebiltong.co.za;
T & I CLEANING SERVICES;848601350;tami81.tm@gmail.com;
ECOPOISE PEST & HYGIENE (PTY) LTD;163491841;;
DESIR? PEST CONTROL;839898905;;
PESTATERMITE CC;152932851;;
PESTAGONE CC;413651087;gail@pestagone.co.za;
ENTOMON TECHNOLOGIES (PTY) LTD;218829164;;
MELVILLE PEST CONTROL;825597864;;
VERMUELEN;834193467;;
TRUST FUMIGATION CC;314649372;;
ECOMIST SA (PTY) LTD;114556011;;
COSMOS POST CONTROL CC;715751944;;
PRO-CURE;213931855;;
MAGNETIC PEST CONTROL;766077073;;
WELI CLEANING AND GARDENING SERVICES;514224083;landie@telkomsa.net;
H A K PEST CONTROL;828417634;;
BLUE NIGHTINGALE TRADING 347 (PTY) LTD;126510120;;
STERIKLEEN SERVICES (PTY) LTD;116998600;;
MZANSI PEST CONTROL;720862580;;
DK PEST CONTROL & HYGIENE SERVICES CC;415824583;;
PEST MART CC;117912646;;
G-STONE PEST AND HYGIENE;829458254;mathebe@live.com;
PESTATERMITE CC;152932851;;
PEST CONTROL SPECIALISTS SA (PTY) LTD;186320005;;
PEST KING (NATAL);314633802;;
PEST REPELLERS ULTRASONIC;219312081;info@pestrepellers.co.za;
MOSTERT PEST CONTROL;164231650;vaal@mostertpestcontrol.co.za;
PEST DETECTIVES CC;116745397;;
BUGS & SPARKS CC;829286148;craig@bugsandsparks.co.za;
PEST CONTROL SPECIALIST;215113937;;
PEST STOPPERS & HYGIENE CLEANING CC;215108096;peststoppers@gmail.com;
PEST FREE;413738164;;
ECOLAB (PTY) LTD;413652084;;
BAN PEST CONTROL SERVICES;314016162;;
SINGH IHCA MEMBER SUPREME PEST CONTROL CC;313091601;;
H A K PEST CONTROL;828417634;;
PEST CONTROL SPECIALISTS (PTY) LTD;123181156;;
PESTECH CC;720484364;;
KHABA PEST CONTROL;848915041;;
ALF'S PEST SERVICES;832819559;;
KILL-O-PEST CC;123770467;;
COASTAL PEST CONTROL;399781098;;
KZN PEST CONTROL;357899511;;
TSHWANE PEST CONTROL;128125334;;
MIDDELBURG PLAAGBEHEER BK;132452017;;
OLWETHU BUSINESS ENTERPRISE CC;319095773;olwethube@gmail.com;
CAPE MOLEHEGON CC;217890533;info@cphynz.com;
XCELL ENVIRONMENTAL SERVICES;218571410;;
STEINER HYGIENE;215323045;wayneg@steiner.co.za;
BIOPEST;114330216;sales@biopest.co.za;
THE CLEANING SPESIALIST (EAST LONDON);437260066;;
PEST CONTROL SPECIALISTS (PTY) LTD;216834980;;
RENTOKIL INITIAL (PTY) LTD;415812578;;
TECHNOKIL CC;219512424;technokil@intermail.co.za;
FLICK PEST CONTROL;217882075;accounts@flickpestcontrol.co.za;
RENTOKIL INITIAL (PTY) LTD;357870122;;
HANSROT;839802227;;
MOLE MR GARDEN RESCUE SERVICE;216742780;;
INPEST SERVICES CC;314649388;admin@destiny.co.za;
PATHOGEN SOLUTIONS;333462954;;
PEST EX PEST CONTROL;152931286;pestcontrol@laeveld.com;
THE PEST CONTROLLER;114744910;;
CLEANING SPECIALISTS (WEST COAST);227191380;;
PONGANI'S PEST CONTROL;720429113;;
EXTERMINATORS INC;114731470;;
VERTE PEST MANAGEMENT;721133804;info@pestsupport.com;
PEST CONTROL PROFESSIONALS POTCH CC;568112022;;
ULTRA PEST CONTROL CC;319026239;;
VERMINX;732778613;info.verminex@gmail.com;
PESBAN PEST CONTROL PROFESSIONALS CC;123770014;;
PEST STOPPERS & HYGIENE CLEANING CC;215108096;peststoppers@gmail.com;
E P PEST CONTROL CC;415812481;;
PESTWISE CC;312660164;;
NORTH COAST HYGIENE & PEST SERVICES;324564459;;
ESHOWE PEST CONTROL;837842236;;
PRO-CURE;213931855;;
ONLINE PEST MANAGEMENT CC;114627126;;
AMAGOGGO PEST CONTROL;733188499;;
PESCO PEST CONTROL;219190616;;
EAVESDROP TRADING CC;153072798;;
EASTERN CAPE BIRD CONTROL;413684422;willie@ecbird.co.za;
KILL-A-BUG - RUSTENBURG;832586607;downstream@telkomsa.net;
NORTH COAST PEST CONTROL;315682411;;
HOME LIFE BEE & WASP REMOVERS;218516058;paul@homelifeconstruction.com;
EXPRESS FUMIGATION SERVICES CC;860449007;office.fumigation@gmail.com;
XCELL ENVIRONMENTAL SERVICES;218571410;;
WOMEN @ WORK CLEANING SERVICES CC;824994461;women.work@iburst.co.za;
PEST STOPPERS & HYGIENE CLEANING CC;215108096;peststoppers@gmail.com;
MAFUKULANA CLEANING SERVICES CC;118332464;;
PEST CONTROL SPECIALISTS POLOKWANE;152972392;;
EASTCAPE CLEANING;413642088;jemima@eastcapecleaing.co.za;
QUICKILL PEST ELIMINATION CC;216376500;;
X STERILE INSECT TECHNIQUE (PTY) LTD;229212262;;
GKO HEALTH SERVICES (PTY) LTD;282123136;grant@gkohealthservices.com;
DENNISON;116839559;;
CARPET CARE;747176039;amerwee@hotmail.co.za;
UPINGTON PEST CONTROL;543311137;;
PESTGUARD;363525209;;
PEST CONTROL SPECIALISTS (PTY) LTD;123181156;;
PEST INVADERS;845500811;admin@pestinvader.co.za;
STEINER ENVIRONMENTAL SOLUTIONS;413640016;;
AMALGAMATED PEST INDUSTRIES;123415259;;
PESCO PEST CONTROL;219190616;;
ENVIROS SAN CC;117941091;;
ROXA PEST CONTROL;219191212;;
TSHWANE PEST CONTROL;128125334;;
ALTINGS BEEKEEPERS;822146361;altingjaap2015@telkomsa.net;
PRO-ACTIV PEST SOLUTIONS;766839374;mail@proactivepest.co.za;
ABC PEST CONTROL;333911015;;
EXTERMINATORS INC;114731470;;
DON'S PEST CONTROL;739810418;;
TRIANGLE TIMBER PRODUCTS (PTY) LTD;114251067;;
THE EXPERIENCE PEST CONTROL;839572110;;
EVOSAT (PTY) LTD;214883940;;
PRO-PEST SERVICES;315691516;;
PEST CONTROL SPECIALISTS (PTY) LTD;;;
HANSROT;839802227;;
KWA-ZULU PEST SERVICES;315007024;;
D J PEST CONTROL AND FUMIGATION;;;
STEINER ENVIRONMENTAL SOLUTIONS;215527611;markh@presclean.co.za;
PESTOP;314641477;;
ECOLAB (PTY) LTD;313096151;priscilla.chetty@ecolab.com;
KILL-A-BUG - RUSTENBURG;832586607;downstream@telkomsa.net;
COSMOS PEST CONTROL;125439792;;
PESTOKILL FUMIGATION SERVICES;314030789;pestokill77@gmail.com;
SA HEALTH PROTECTING SERVICES CC;315691641;;
QUALITY PEST CONTROL SERVICE;123744782;;
PEST CONTROL BUREAU;117824723;;
BLUE NIGHTINGALE TRADING;112340164;;
SERVEST HYGIENE;116081888;;
MELVILLE PEST CONTROL;825597864;;
PEST CONTROL SPECIALISTS (PTY) LTD;114333570;;
ROYAL EAGLE CLEANING SERVICES;218382705;royaleagleservices7@gmail.com;
AVICE PEST CONTROL;413607043;;
REMOVALSTORAGE.COM;608283376;tinvendinding@gmail.com;
PIONEER PEST CONTROL;;;
M D A PEST CONTROL;413713968;;
ENVIRO-SAFE;219768966;;
IBHAYI PEST BUSTERS;418187816;garth@ibhayipestbusters.co.za;
QUALITY PEST CONTROL CC;811295195;admin@qpc.com.na;
RENDER;215540845;grant@atlanticcleaning.co.za;
NWK RETAIL LTD-DELAREYVILLE;539481499;;
ECOLAB;413652084;tony.timm@ecolab.com;
ABSOLUTE PEST CONTROL;126621043;marcelandsam@lantic.net;
SA HEALTH PROTECTING SERVICES CC;315691641;;
DEAD ANT PEST CONTROL;762165150;;
PESTWISE CC;313011550;;
VERMUELEN;834193467;;
KGALEBO TRADING;833304348;judask@webmail.co.za;
EASTCAPE CLEANING;413642088;jemima@eastcapecleaing.co.za;
UNIQUE PEST CONTROL;314046519;;
KNOCK OUT PEST CONTROL;114740481;k.o.pestcontrol@vodamail.co.za;
ROYAL EAGLE CLEANING SERVICES;218382705;royaleagleservices7@gmail.com;
PIONEER PEST CONTROL;;;
BLUE DOT PROPERTY SERVICES;219761838;;
PEST CONTROL SPECIALISTS?- BLOEMFONTEIN ?;515223532;info@thespecialists.co.za;
KAMESO TOTAL HYGIENE;724452758;kamesototalhygiene@telkomsa.net;
HANSROT;839802227;;
GOGGO PEST CONTROL;129912557;;
ALL KILL PEST CONTROL;794986530;;
INTUSERV (PTY) LTD;313092718;services@intuthukoholdings.co.za;
DK PEST CONTROL & HYGIENE SERVICES CC;415824583;;
KZN PEST CONTROL;357899511;;
CUSTOM PEST CONTROL;847923293;;
OLYMPIC PEST CONTROL;314040233;;
STEINER HYGIENE (PTY) LTD;182930261;louisey@steiner.co.za;
PEST CLEAR;118272211;;
CHAUP PEST CONTROL CC;127120107;;
THE SERVICE COMPANY;861222233;;
RAMOSHABA CLEANING AND MAINTENANCE;861727327;rapeccs@telkomsa.net;
AVICE PEST CONTROL;413607043;;
HURRICANE PEST CONTROL;825303874;;
PESTNET CC;219758716;;
SITE SERVE SERVICES;333433804;;
GOGGO PEST CONTROL;129912557;;
ALTO KLEEN CC;823956449;info@altokleen.co.za;
ORA FUND MANAGERS;219480322;;
CAPE MOLEHEGON;217890533;;
STOPEST CC;514367542;;
JEHOVAH'S WITNESSES;354741682;;
KZN PEST CONTROL;357899511;;
MAXIMA PEST CONTROL;442726097;;
OLYMPIC PEST CONTROL;314040233;;
JPL CHEMICALS & PEST CONTROL CC;126674675;;
MIDDELBURG PLAAGBEHEER BK;132452017;;
DEAD ANT PEST CONTROL;762165150;;
PONGANI'S PEST CONTROL;720429113;;
MR WEED AND INSECT;136927447;;
TRIANGLE TIMBER PRODUCTS (PTY) LTD;114251067;;
THLOEKO TRADING (PTY) LTD;219030508;;
ALLABOUTXPERT;215103170;info@allaboutxpert.com;
PESTAGONE CC;413651087;gail@pestagone.co.za;
PEST CONTROL SPECIALIST;122524333;;
EAXIA PEST CONTROL;716724712;;
DENNISON;116839559;;
REAL EXTERMINATORS PEST CONTROLLER AND CLEANERS;738078692;realextermpc@gmail.com;
SUPREME PEST CONTROL & HYGIENE SERVICES;233422359;0233422359@efg.co.za;
TECHNOKIL CC;219512424;;
PEST CONTROL SPECIALISTS (PTY) LTD;137526038;;
BLUE NIGHTINGALE TRADING;126567689;;
FARMHOUSE BILTONG;837708007;judith@farmhousebiltong.co.za;
A B C PEST CONTROL;114441057;;
DYNAMIC PEST CONTROL;;;
AFRICA CLEANING SERVICES;861424844;info@acs.co.za;
PEST CLEAR;118272211;;
PEST KING (NATAL);314633802;;
PHILL MEDIC SERVICES CC;437227038;info@phillmedic.com;
BRIGHT AND SPOTLESS CLEANING SERVICES;749417152;itso@brightspotless.co.za;
MOSTERT PEST CONTROL;164231650;vaal@mostertpestcontrol.co.za;
BIDVEST STEINER (PTY) LTD;357870281;anitak@steiner.co.za;
THE SERVICE COMPANY;861222233;;
MAHALA PEST CONTROL;845611690;;
MOLE ZAPPER;217032645;ssigns@ssigns.co.za;
PEST AWAY;446977146;;
PESTWISE CC;315616263;;
TSHIDZATE PEST CONTROL & FUMIGATION;843523919;;
LUKAS;233426038;;
TSHWANE PEST CONTROL;128125334;;
PESTEX PEST CONTROL;317083700;;
COLTEC;116242679;talboteng@mweb.co.za;
QUALITY PEST CONTROL SERVICE;123744782;;
GORDON;317021537;;
ACMILE;117047227;;
MPATI PEST CONTROL;342181877;;
ALL AREAS PEST CONTROL;355502930;allareaspc@telkomsa.net;
RINAS RENTALS;147633170;;
THE SPECIALISTS HOLDING;116921149;;
UNIQUE PEST CONTROL;314046519;;
TERMINATORS PEST CONTROL SERVICES CC;315620652;;
ZIC ZAC CONSTRUCTION & PEST CONTROL;158140083;;
MOLE-AWAY CC;218532180;mwmole@mweb.co.za;
AVICE PEST CONTROL;413607043;;
ALTOKLEEN CC;823956449;;
LAWDAV DEVELOPMENTS CC;217612406;;
PEST MANAGEMENT SERVICES;314648152;desan@absamail.co.za;
PROPEST;139325053;;
PIED PIPERS CC;117685600;;
VAN DYK;157815544;;
HOUSE OF NARBON CC;;;
ALL KILL PEST CONTROL;794986530;;
EAVESDROP TRADING CC;153072798;;
BIOLOGIC (NON TOXIC MOSQUITO REPELLENT);119413038;;
ADVANCED INTEGRATED PEST MANAGEMENT;123461062;aipm@mweb.co.za;
RENTOKIL PEST CONTROL;861117852;info@rentokil.co.za;
A B A PEST CONTROL;769417805;;
MIDDELBURG PLAAGBEHEER BK;132452017;;
PEST CONTROL PROFESSIONALS POTCH CC;568112022;;
STEINER ENVIRONMENTAL SOLUTIONS (PTA);125485637;;
BUGBUSTERS CC;215591570;;
PEST AWAY;446977146;;
SUPERCARE SERVICES GROUP;514300237;jhb@supercare.co.za;
STEINER ENVIRONMENTAL SOLUTIONS (PTY) LTD;215527611;;
BIRD CONTROL SPECIALIST;824450248;aanhuizenw@teldir.co.za;
BUSTABUG;218519007;;
LEVY T/A MEDIKILL;114872013;;
TECHNOKIL CC;219512424;technokil@intermail.co.za;
PIED PIPERS CC;117685600;;
ERMELO DOOR CENTRE & HARDWARE;178191512;pls@wam.co.za;
KHABA PEST CONTROL;848915041;;
PEST CONTROL SPECIALISTS (NELSPRUIT);137526564;;
J K L CLEANING SOLUTIONS;219816959;info@jklcleaning.co.za;
PESTFREE PEST CONTROL;118884371;seanqvdw@mweb.co.za;
KILL-A-BIG WESTERN CAPE;446920215;kabwesterncape@gmail.com;
ECO-SENSE PEST AND HYGIENE SOLUTIONS;219392062;;
WORLD FOCUS PEST CONTROL;315001705;;
MOSTERT PEST CONTROL;164231650;vaal@mostertpestcontrol.co.za;
CREATE A PERFUME CC;;;
C AND K PESTS SOLUTIONS;834587564;info@candkpestsolutions.co.za;
TRUST FUMIGATION CC;314649372;;
QUICKILL PEST ELIMINATION CC;216376500;;
CULLPRO;314648880;wayne@cullpro.co.za;
OPA CLEANING SERVICES;731127713;opa_cleaning@yahoo.com;
DRAKE AND SCULL;118468233;;
PESTBUSTERS (SANDTON & MIDRAND);114742115;;
PESTKILL;396952764;;
E P PEST CONTROL CC;415812481;;
ALL AREAS PEST CONTROL;313040208;allareaspestcontrol@yahoo.com;
FUMIGATION SERVICES;313125379;;
CUSTOM PEST CONTROL;847923293;;
TOTAL HEALTHCARE SERVICES;;bheki@totalhealthcareservices.co.za;
PESTAGONE CC;413651087;gail@pestagone.co.za;
BLESSING PEST CONTROL;114344450;fortunatkajinga@webmail.co.za;
PESTATERMITE CC;123293617;;
AMALGAMATED PEST INDUSTRIES CC;114441038;;
