H D M CONSTRUCTION CC;0478745923;hdmcontracto@telkomsa.net;
ADRIYA BUILDING TECHNOLOGIES;0315646336;info@adriya.co.za;
MICHAEL & MAGDALENE CONSTRUCTION;0820677858;michaelmagdaleneconstruction@gmail.com;
W B H O CONSTRUCTION (PTY) LTD;0114478294;;
HSH CONSTRUCTION AFRICA (PTY) LTD;0538420044;info@hshafrica.co.za;
VILLAGE PLUMBERS;0837755900;villageplumbers@cybertek.co.za;
GELBUILD CONTRACTORS CC;0217617226;david@gelbuild.co.za;
CARTCOM;0119222333;info@cse.co.za;
LEMA CIVILS AND PLANT HIRE;0218555134;lemacivils@telkomsa.net;
SOUTHERN ASSIST TECHNOLOGY (PTY) LTD;0847237413;southernassisttechnology@gmail.com;
MAUTE LOGISTICS;0152912798;motswiri164@gmail.com;
H W TOME CONSTRUCTION;0442720634;admin@hwtconstruction.co.za;
PAINT MASTER (BLOEMFONTEIN);0839280144;carlien@sebedisan.co.za;
SEBEDISAN GROUP;0510111446;info@paintmasterbloem.co.za;
KALAHARI VLEISPALEIS;0630410542;johnschreiner5@gmail.com;
INGQINISO SECURITY CO;0543321364;mhlanasamuel@gmail.com;
IKAHENG DEVELOPERS & PLANT HIRE;0514360571;pakiso@ikaheng.com;
CAPOTEX TRADING ENTERPRISE;0152913991;info@capotex.co.za;
R AND D CONTRACTORS;0363541360;roopajee@lantic.net;
FRANKENFELD AND KING ARCHITECTS CC;0217617994;peter@fkarchitects.co.za;
;0535510089;breezecourt@hotmail.co.za;
BRICK 'N BOARD;0219812773;;
BETTER BUILD CONSTRUCTION CC;0825651447;betterbuild@mweb.co.za;
BATHATHU CIVILS CC;0219059131;bathathu@mhcivils.co.za;
BULLETIN CONSTRUCTION SERVICE CC;0123200149;bullentinconstructionservice@gmail.com;
MBUSO KINGDOM;0315036495;;
MOULDCOR CONSTRUCTION CC;0114323838;mouldcor@telkomsa.net;
ALBERTS CONSTRUCTION;0233133260;alkon@mb-net.co.za;
R G PROJECTS;0824611349;info@rgprojects.co.za;
ZIBUBUHLE TRADING;0823876970;elizabeth.andivuye@gmail.com;
G D IRONS CONSTRUCTION (PTY) LTD;0128046755;info@gdirons.co.za;
SEDA CONSTRUCTION INCUBATOR;0315035225;info@seci.org.za;
SLIC-KHAYA BUILDING AND CIVIL;0832751919;;
HENNCORP CONSTRUCTION;0283131684;info@hhconstruction.co.za;
GOOD HOPE CONSTRUCTION PLASTERERS;0219328789;zulpha@ghcsa.co.za;
DAKOTA BUILD IT;0584812259;Creditors@dakotagroup.co.za;
MULTI PROJECTS;0824912550;multiprojects@vodamail.co.za;
NOVA BUILD (PTY) LTD;0217942834;info@novabuild.co.za;
PHUTHUMA PROJECTS;0823129051;info@phuthumaprojects.co.za;
REX CONSTRUCTION;0443432886;mariska@rexconstruction.co.za;
SEDA CONSTRUCTION INCUBATOR;0313681207;info@seci.org.za;
SEDA CONSTRUCTION INCUBATOR;0313094940;info@seci.org.za;
TRANSAND (EDMS) BPK;0446950105;transand1@mweb.co.za;
A V H CONSTRUCTION (PTY) LTD;0218879552;avhconstruction@adept.co.za;
BRINK AND HEALTH CIVILS;0277181895;roelof@nmc.co.za;
CENTERCRUZ TRADING ( PTY) LTD;0137554508;centercruz@webmail.co.za;
TUINROETE INDUSTRIELE DEURE;0725450947;esdeestander@yahoo.com;
MFINGO DEVELOPMENTS CC;0847015256;simbamach@gmail.com;
EXCLUSIVE WORKS;0283131750;info@exclusiveworks.co.za;
STERLING CONSTRUCTION;0215575553;sterlingcons@mweb.co.za;
VICTORY PARADE TRADING 182 (PTY) LTD;0215355005;info@sevensirs.co.za;
MAGARULE CIVIL;0113122807;hendrickt@magarule.co.za;
JLK CONSTRUCTION (PTY) LTD;0218626363;info@jlk.co.za;
MASHI TRANSPORT & CONSTRUCTION SERVICES CC;0123798318;mashi@absamail.co.za;
MOTALA'S WHOLESALE BUILDERS SUPPLIES;0118527337;motalas@motalas.com;
IX ENGINEERS;0538300460;kimberley.office@worleyparsons.com;
MS MOOS CONSTRUCTION CC;0217067077;msmoos@iafrica.com;
MOKOPAREDI TRADING ENTRERPRICE;0537122337;kopangmp@gmail.com;
MF DU PLESSIS CONSTRUCTION;0288401919;pdhrduplessis@telkomsa.net;
BASHITWA CONSTRUCTION CC;0154911145;batshitwaconstruction@gmail.com;
KHATHA KHATHA TRADING ENTERPRISE;0116607403;taktshiv@telkomsa.net;
TSHASHU CONSULTING & PROJECTS MANAGERS;0152914365;admin@tsconsulting.co.za;
NGUNGWA DEVELOPMENT;0152915231;ngungwa@telkomsa.net;
MMAMOLEBOGI INVESTMENTS;0152914386;sam@mmamoleboge.co.za;
TEE JAYS PLUMBING & BUILDING;0184730564;teejays@koshcom.co.za;
DU TOIT KONTRAKTEURS;0568114893;koepelquad@telkomsa.net;
TIMBELA CONSTRUCTION;0119170474;mongezi@timbela.co.za;
CIVMAQ PROJECTS (PTY) LTD;0118132539;projects@civmaq.co.za;
CHAPANI CONSTRUCTION & MINING;0219171744;chihwatours@vodamail.co.za;
RICMATRADE;0218537301;ricamatrade@telkomsa.net;
ESPRIT CONTRACTORS CC;0114831401;esprit@espritcon.co.za;
ESPIRIT CONTRACTORS;0114831401;espirit@myconnection.co.za;
MAGIC LABOUR HIRE AND SECURITY SERVICES;0164229243;thomasmagicsec@yahoo.com;
TURNER & TOWNSEND (PTY) LTD;0214217001;info@cpt-turntown.co.za;
L & R WELDING TOOL SUPPLIES (PTY) LTD;0163620325;admin@landrsupplies.co.za;
LAD'S CONSTRUCTION (PTY) LTD;0169862218;;
NAKWA;0217900562;info.pje2@yahoo.com;
MADIMONG TRADING & SERVICES;0867288162;madimongtrading@webmail.co.za;
M A C P CONSTRUCTION;0153074005;judith@macp.co.za;
SJL BUILDING CONSTRUCTION;0119872166;sjlhomes@hotmail.com;
T.J MASINGA CONSTRUCTION;0837049992;;
DMC DEVELOPMENTS;0448710593;info@dmcdevelopments.co.za;
FRANSCHHOEK MASTER BUILDERS;0218762405;Tshanyelas@Trudon.co.za;
CHRYSELDA BUILDING CONSTRUCTION;0137533732;bonny@chryselda.co.za;
SPECTRUM PLUMBERS;0445334396;rj.bird@mweb.co.za;
NIEUWENHUYS HJ;0224821213;nieuwenhuysbouers@gmail.com;
INJONGO CONSTRUCTION;0215910945;info@injongoconstruction.co.za;
POINT BLANK CONSTRUCTION;0227421026;herman@pbcon.co.za;
R C CIVILS;0212012845;info@rccivils.co.za;
KOBUS DUVENHAGE BOUERS;0825780909;minessa@kdbuild.co.za;
MONOKOTSHWAI MAINTENANCE;0117401960;Monokotshwai@gmail.com;
KARPAH CONSTRUCTION;0573532880;admin@karpah.co.za;
PALESA & ASSOCIATES CC;0114870122;mrs@telkomsa.net;
HARKON CONSTRUCTION CC;0118114365;mwharken@mweb.co.za;
GS CONSTRUCTION;0446950472;attie@gsconstruction.co.za;
MAPHETO BUSINESS SERVICES CC;0155307268;mapheto@telkomsa.net;
WALL TO WALL PROJECTS;0312082576;w2wflooring@yahoo.com;
BRIGHT IDEA PROJECTS BUILDING & THATCHING;0284233132;brightideaprojectsadonis32@gmail.com;
THUKA BUILDERS;0533310844;thukabuildings@gmail.com;
NAMAKWALAND KONSTRUKSIES;0543312845;marius@namkon.co.za;
PIETER DU TOIT CONSTRUCTION;0218720588;pdtc@vodamail.co.za;
ZANDEVCO (PTY) LTD;0117951913;info@constructionspares.co.za;
ABC CIVILS;0283132110;abc@imaginet.co.za;
B C BOUAANNEMERS;0514332949;;
MK ENGINEERING CONSTRUCTION &SUPPLIES;0110568035;mkengenering076@gmail.com;
DEKON PROJECTS (PTY) LTD;0219052015;dekonct@dekon.co.za;
KALAM CONSTRUCTION;0217030016;info@kalamcon.co.za;
DAVIDS GROUP;0217619617;info@davidsgroup.co.za;
DOMANI BUILDERS;0879412866;freestate@domani.co.za;
CORKON (PTY) LTD;0229312847;admin@corkon.co.za;
BIG 5 NEWLIFE BUILDING CONSTRUCTION;0573881103;nomahazel@big5newlife.co.za;
TREMS MASILO CONSTRUCTION TRADING AND PROJECTS;0145927379;;
BOJAH CONSTRUCTION;0227191222;bojah@telkomsa.net;
DEALAN CONSTRUCTION;0445333603;delia@dealan.co.za;
B ROOFING & BUILDING CONTRACTOR;0448749499;broofing@telkomsa.net;
SADALALA CONSTRUCTION;0116832742;sadalalacgt@telkomsa.net;
DITSHERERE MINING CONSTRUCTION;0132317838;tmosiane@gmail.com;
MASTEC CONSTRUCTION;0573553189;mastec@wol.co.za;
B B M M ROAD CONSTRUCTION;0113961725;bbmm@wol.co.za;
DO IT ALL RENOVATORS & CONTRACTORS CC;0119585095;meisie@doitallrenovators.co.za;
BOLAND BOUERS TVZ;0836098678;thinus600@gmail.com;
GAUTENG HUT CONSTRUCTION;0823448349;kmoyo@webmail.co.za;
T R S CONSTRUCTION;0218627186;admin@trscon.co.za;
D W BUILDING CONTRACTORS;0136926797;trellco@telkomsa.net;
RK SAUER CONSTRUCTION CC;0448780508;randal.sauer@gmail.com;
GOSSOW AND HARDING CONSTRUCTION (PTY) LTD;0215113101;info@ghconstruction.co.za;
REDINARE CONSTRUCTION (PTY) LTD;0114254190;maria@redinare.co.za;
MEESTERBOUERS ASSOSIASIE (WESKUS);0227722457;mbaweskus@cwmail.co.za;
MOLAPO MOTLE ENTERPRISE & CONSTRUCTION;0152977594;motlemotle@telkomsa.net;
LAYGAOGAMOND PROPERTIES & PROJECTS (PTY) LTD;0119760323;laygaogamondpp@gmail.com;
MITCHELL CONSTRUCTION;0118671602;;
BUBEZI CONSTRUCTION;0137415148;leonbairddev@saft.co.za;bubezi@webmail.co.za;
RIVERSIDE CHUENE CONSTRUCTION CC;0152636014;divide7@vodamail.co.za;
M T BUILDERS;0216961163;info@mt-builders.co.za;
AMIK PROJECTS;0446920160;amik@telkomsa.net;
J J DEMPERS (EDMS) BPK;0218721608;jjdempers@jjdempers.co.za;
CORE-WIJN CC;0217902840;corewijn@gmail.com;
LJL CIVIL ENGINEERING & SURVEYOR SERVICES;0733448988;ljllesley@gmail.com;
CLASSIC HOMES;0312620357;mohammed.classichomes@vodamail.co.za;
SIMUNYE MAINTENANCE;0314684655;jeevagovender1@gmail.com;
SJEKULA 9671 GROUP;0319172000;info@sjekulagroup.com;
CLASSIC HOMES;0312620357;mohammed.classichomes@vodamail.co.za;
DSM CONTRACTORS SUPPLIERS;0114402926;dsmcs@yamil.com;
BUYA NEMPUMELELO TRADING & PROJECTS;0118698791;buyanempumelelotap@gmail.com;
SIMUNYE MAINTENANCE;0314684655;jeevagovender1@gmail.com;
BB & S BUILDING SERVICES;0217124186;bshen@telkomsa.net;
CSS PROJECTS (PTY) LTD;0747832055;tshlombe@ymail.com;
BETTERWAY HOME IMPROVEMENT;0723347992;;
CUBENCO 150 CONSTRUCTION (PTY) LTD;0234142827;herselmanjs@telkomsa.net;
PHS CONSTRUCTION;0215316272;phs@cybersmart.co.za;
STATURA BOUERS CC;0284242348;staturabouers@telkomsa.net;
CA BRUWER KONSTRUKSIE;0544311124;marie@isat.co.za;
PROGRESSIVE GROUP;0437265588;;
GLOWING SUNSET TRADING;0183811069;accounts@generalbuildingmafikeng.co.za;
JNA PROJECTS;0219198397;nico@jnaprojects.co.za;
CIVIL DEVELOPMENT CONSULTANTS;0218543404;civdev@telkomsa.net;
MORULA RESOURCES;0118351219;admin@morularesources.co.za;
J S T CONSTRUCTION;0145926837;jstconstruction@telkomsa.net;
W P RYAN BUILDERS CC;0217617323;wpryanbuilders@telkomsa.net;
MMJV BUILDING & CIVILS (PTY) LTD;0132318425;mudzhadzhi@telkomsa.net;
READIRA REFUSE SERVICES;0137513030;admin@readira.org;
COLAS CENTRAL;0514341471;dupree@colas.com;
RISIMATI STEVEN CONSTRUCTION CC;0113157559;stevennkuna@gmail.com;
POOL BUDDY AND HANDYMAN SERVICES;0114779071;jjtrollip@mweb.co.za;
CQW ENTERPRISE (PTY) LTD;0538713585;cqw@telkomsa.net;
W G K CONSTRUCTION;0514325601;admin@wgkconstruction.co.za;
BAM;0116921370;;
JN MOSIME CONSTRUCTION;0183846394;mosime05@telkomsa.net;
M C L CONSTRUCTION;0119154947;anton.mcl@netactive.co.za;
RATANANE CONSTRUCTION;0153076743;ratananeconst@gmail.com;
PHUMI TRADING;0118693649;;
FIGO PUTSO CONSTRUCTION CC;0832261108;figoputso@telkomsa.net;
MAMOLOKO CONTRACTORS CC;0154832259;evamaputla@yahoo.com;
MIKE'S HOUSE RENOVATION;0714124489;;
QUIL CONSTRUCTION & PROJECTS CC;0114401433;info@quilcon.co.za;
NELSPRUIT KONSTRUKSIE;0137552214;johan@nelspruitconstruction.co.za;
ACKER BOUERS;0283163456;;
TSHENOLO WASTE (PTY) LTD;0538321335;info@tshenolowaste.co.za;
LOB GROUP (PTY) LTD;0125251112;;
G H DECORATIVE SANDBLASTING;0393120871;giselahofler@gmail.com;
FOURIE P KONSTRUKSIE;0538311983;pieterfourie@telkomsa.net;
SPHANDILE TRADING ENTERPRISE;0119073554;nomama.mbatha@sphandile.co.za;
BRIGHT IDEA PROJECTS;0215510249;ronnie96@live.co.za;
M & M CONSTRUCTION (PTY) LTD;0117689113;monja@mandmcontstruction.co.za;
TAUTONA BUILDING CONSTRUCTION CC;0113337001;;
DANGALAZA GENERAL TRADING;0137942734;;
ROCON DEVELOPMENT TRUST;0218581015;rocon@mweb.co.za;
AMAGUS KONSTRUKSIE BK;0163632232;amagus@lantic.net;
RATTLE BROTHERS CC;0216718387;;
JOHNBILAS CONSTRUCTION AND PROJECTS;0726080801;johnbilas@workmail.co.za;
HELDERBERG CONTRACTORS;0218517726;ericontopturf@telkomsa.net;
ECONO CONSTRUCTION & HOMES;0218515915;econocom@telkomsa.net;
MASHRIK SOCIAL DEVELOPMENT CONSULTANCY CC;0153073971;;
MR GEYSER PLUMBERS;0218833325;mrgeyser@telkomsa.net;
MOTSHETHALE BUILDING AND CIVIL CC;0155291593;morwahlaga@motshethale.co.za;
DAISY GENERAL CONSTRUCTION;0442516633;daisygeneralconstruction@gmail.com;
JOUBERT JC;0448733061;jcj457@mweb.co.za;
DARNELLA PROJECTS;0325515848;;
STERLING KONSTRUKSIE;0837564567;sterlingkons@mweb.co.za;
JH PUTTER KLIPBREKERS;0232301444;jhputter@xsinet.co.za;
MASHALOSU BUSINESS ENTERPRISES;0312668057;info@mashalosu.co.za;admin.bonnie@mashalosu.co.za;
AVRILLE BUILDING PROJECTS;0119421031;abldprojects@mweb.co.za;
LOBGROUUP;0127718948;;
F J D BUILDERS CC;0218591896;fjdbuilders@telkomsa.net;
R O HOFFMAN BUILDING;0726972997;hoffmanrussell@gmail.com;
BOKINA BOU;0186731026;;
TRAVI CONSTRUCTION CC;0215522514;travie@telkomsa.net;
STEDONE CIVILS;0317130737;info@stedone.co.za;
RODNEY BECK CONSTRUCTION CC;0215525555;;
ROBERT CORAM CONSTRUCTION;0217616248;scoram@telkomsa.net;
KIJIMA CONSTRUCTION;0176324292;admin@kijimaconstruction.co.za;
IPSER W (PTY) LTD;0214616703;info@indawo.biz;
ALMOR CONSTRUCTION CC;0218762399;morne@almor.co.za;
MARSHALL & ASSOCIATES;0312664101;j.beaton@rcon.co.za;
J L THUSI BUILDING;0357975002;jlthusibuilding@webmail.co.za;
J W HUGO CC;0448732783;eldri@jwhugo.co.za;
TRANS OOS PLANT HIRE;0137441948;;
LF MOTHAPO CONSTRUCTION;0110394707;lfmothapoconstruction@webmail.co.za;
BUZANI DEVELOPMENT SERVICES (PTY)LTD;0732134998;;
PRINCE ASORO GENERAL CONSTRUCTION CC;0114930737;princeasoro@gmail.com;
BUZANI DEVELOPMENT SERVICES (PTY)LTD;0732134998;;
MESHLYN CONSTRUCTION & LOGISTICS;0115400162;meshlynconstructionlogistics@ymail.com;
MHLABESHO TRADING;0843759291;leonardmkhungo@gmail.com;
UBUGORHA HOME IMPROVEMENT AND BUILDING SERVICES;0213608154;amosss@webmail.co.za;
ABSOLUTE CONSTRUCTION;0824961320;ericvanderwesthuizen@yahoo.co.za;
PRINCE ASORO GENERAL CONSTRUCTION CC;0114930737;princeasoro@gmail.com;
NTSUALALA ELECTRICAL & CONSTRUCTION PROJECTS;0110553888;mnsales71@gmail.com;
NIYATHANDWA (PTY) LTD;0839955979;luckyshabalala8@gmail.com;
BAFENTSE TLHAKALATLOU (PTY) LTD;0824382619;ommolao@gmail.com;
BASADI BA SETSO CONSTRUCTION AND TRADING;0152962155;tseketraveltours@webmail.co.za;
HALEFANG CONSTRUCTION;0733678292;halefangcons@gmail.com;
MDOKHANA'S CONTRACTORS CC;0118121924;mdokhana@telkomsa.net;
NDEVU CONSTRUCTION AND PROJECTS;0785845963;ndevuconstruction@gmail.com;
MANTSENA RENOVATION AND PAINTING PROJECTS CC;0724511671;chaukes68@gmail.com;
BINGAGURU PAVING AND TAR;0817463151;nonoubiprojects@gmail.com;
IVORY KHAYA IMPROVERS;0727392916;ivorygeneralconstruction@gmail.com;
KUHLE QUALITY PROJECTS;0218282164;social@kuhleqp.co.za;
KHORONGWE TRADING ENTERPRISE AND PROJECTS;0118815694;khorongwet@workmail.co.za;
DEBROCK CONSTRUCTION PROJECTS;0738301219;debrockconstructionprojects@gmail.com;
J M B GROUP;0282141628;admin@jmbgroep.com;
BETHLEHEM STEENWERKE;0583032698;volman@homemail.co.za;
TRIDENT WORX;0844056123;tridentworx77@gmail.com;
ASAKHAZIMULA TRADING;0726147002;;
VOSTER CONSTRUCTION;0792209251;;
SILVER CONSTRUCTION & PROJECTS;0116096765;emmanuelmzimela@yahoo.com;
C B CONSTRUCTION & CIVILS CONCRETE FLOORS;0333441532;blessie@telkomsa.net;
BERMAN BROTHERS PROPERTIES;0214399030;reception@bermanbros.co.za;
HASBESS (PTY) LTD;0710287159;mbilisybou78@gmail.com;
AMAKHWANI CONSTRUCTION;0791733965;amakhwaniconstruction@gmail.com;
ARCON GROUP;0227722761;;
SIYAYA CONSTRUCTION;0792301340;bennettocktober123@gmail.com;
C A CONSTRUCTION (PTY) LTD;0514409000;;
EKUPHILENI BUILDING AND CIVIL CONSTRUCTION;0835979481;;
ELEGANT LINE TRADING 456 CC;0136569256;elegantlinetrading456@telkomsa.net;
ZWINO CIVILS;0110427737;zwinocivils@gmail.com;
COLNAD TRADING;0110391930;colnadgroup@gmail.com;
D C M HOUSING CC;0113948890;dcmhousing@polka.co.za;
MG CONSTRUCTIONS;0218368829;;
JANNORB (PTY) LTD;0110376992;jannorbrealestate@gmail.com;
SAWE ESTATE AGENTS;0113857015;sawe@webmail.co.za;
UKUPHANTA TRADING ENTERPRISE;0313013217;everydaywearrive@gmail.com;
NEL;0319037655;;
UBUGORHA HOME IMPROVEMENT AND BUILDING SERVICES;0213608154;amosss@webmail.co.za;
EXQUISITE CONSTRUCTION;0835914065;nashlin777@gmail.com;
M MANTEN;0123292380;;
DHC;0215312878;kilnerm@telkomsa.net;
H & SONS BUILDING CONSTRUCTION;0183923175;;
ZUKA BUILDING CONSTRUCTION;0218020613;;
SP BUILDING AND CIVIL CONSTRUCTION;0784033859;;
MACUHAN CONSTRUCTION (PTY) LTD;0314590366;macuhan@gmail.com;
EUROA AFRICA CONSTRUCTION;0738828687;euroaafricaconstruction@gmail.com;
ARRIVISTE HANDYMAN;0824080492;arrivistetrading@gmail.com;
MOTSONS CONSTRUCTION;0837089112;yaseen.motlar1@gmail.com;
CGBS PROJECTS & INVESTMENTS (PTY) LTD;0113461764;info@cgbsprojects.co.za;
GREATER LETABA DEVELOPMENT;0153033522;knmathebule@gmail.com;
JOEMID CONSTRUCTION & CIVIL ENGINEERING;0732077993;;
TSHEGO ARCHITECTURAL AND RECONSTRUCTION PROJECTS (PTY) LTD;0847179058;mahloerens@gmail.com;
KUSASA CONSTRUCTION;0312667985;kusasac@gmail.com;
SCRIBANTE CONTRUCTION (PTY)LTD;0114669231;;
MUHLEHLE PROJECTS;0765017591;;
BETHLEHEM STEENWERKE;0583032698;volman@homemail.co.za;
GOITSEMANG & BROTHERS (PTY) LTD;0127722389;marco@mdubiz.com;
EMBILI ENGINEERING AND CONSTRUCTION;0115042675;;
MHLELIWEZWE CONSTRUCTION;0333860678;mhleliwezwe@vodamail.co.za;
SEMPER PRIMA BUILDERS (PTY) LTD;0448759005;semper@mweb.co.za;
SENZOKUHLE ELECTRICAL AND CONSTRUCTION;0219010065;tpantshwa@gmail.com;
NDOLWANE GENERAL TRADING (PTY) LTD;0741682605;;
VHARANANI PROPERTIES;0116563553;info@vharanani.com;
MAKGARITJA INVESTMENTS PROJECTS;0763134018;makgaritjaip@gmail.com;
DAVE EARL BUILDING SERVICES;0845987967;jramalatso@gmail.com;
KAALE-MOSHE BUILDING CONSTRUCTION;0534441705;;
DHC;0215312878;kilnerm@telkomsa.net;
ARRIVISTE HANDYMAN;0824080492;arrivistetrading@gmail.com;
NORTHERN BUILDING CONSTRUCTION;0110754337;dsbpconstruction@gmail.com;
FREELANCE CONSTRUCTION;0514327534;freelance1@telkomsa.net;
SHEILA PUMALAS CONSTRUCTION & PROJECTS;0119887600;mthimzo@gmail.com;
RONNELL PROJECT (PTY)LTD;0110440114;nkomoelias@yahoo.com;
HAKALA CONSTRUCTION;0398320620;;
GIBBS PAINTING SERVICES CC;0314683204;gibbspainting@telkomsa.net;
CTS PROJECTS;0119581187;liezl@cts-group.co.za;
CORINT GENERAL TRADING;0315091340;corint.general@gmail.com;
SERENO HEALTH AND BEAUTY;0119072192;;
ENGEN FILLING STATION;0587130056;engenmainroad@gmail.com;
HC PROJECTS CC;0118223868;info@hcprojects.co.za;
GEORGE CONSTRUCTIONS;0152923764;georgeccpb@mweb.co.za;
SIYAZI BUILDING PROJECTS T/A U M BUILDING PROJECTS;0729518041;;
DAVE EARL BUILDING SERVICES;0845987967;jramalatso@gmail.com;
KHANATHI CONSTRUCTION & SUPPLIERS;0119801995;khanathi@gmail.com;
GLOR-RUTH CONSTRUCTION & SERVICES;0797332955;;
BLYPOINT CONSTRUCTION (PTY) LTD;0823972244;paulvilakazi87@gmail.com;
APRIL THE BUILDER;0827121158;muntu@makwenzeke.co.za;
T R CONSTRUCTION;0116153723;;
FLORESANDS TRADING (PTY) LTD;0715202954;;
INTUTHANE TRADING BUILDING AND CIVILS;0318264671;brightmanhlongwane@gmail.com;
COLNAD TRADING;0110391930;colnadgroup@gmail.com;
GIBBS PAINTING SERVICES CC;0314683204;gibbspainting@telkomsa.net;
MDO CREATIONS;0728846451;gerda@mdocreations.co.za;
WIZARD CONSTRUCTION;0793194633;wizard1construction@gmail.com;
JANNORB (PTY) LTD;0110376992;jannorbrealestate@gmail.com;
TBO TOUCH TRADING ENTERPRISE;0113385013;mbathathami@webmail.co.za;
UMHLAB OMUSHA TRADING 23;0769902722;phindilephewa72@gmail.com;
MESHLYN CONSTRUCTION & LOGISTICS;0115400162;meshlynconstructionlogistics@ymail.com;
A E BUILDING CONTRACTORS CC;0795497714;;
RYKON CONSTRUCTION;0116400052;info@rykon.co.za;
CONSTRUCTION SERVICES;0733599624;leonardk@gmail.com;
DECK STUDIO;0123350236;;
SEMPER PRIMA BUILDERS (PTY) LTD;0448759005;semper@mweb.co.za;
E THORO CONSTRUCTION;0621625082;;
ACTION CONSTRUCTION;0338189498;alliojuan@gmail.com;
STANFORD BUILDING SERVICES;0719222250;mhindostanford@gmail.com;
LIKHANYILE TRADING ENTERPRISE;0113261353;receptionlikhanyile@telkomsa.net;
BLYPOINT CONSTRUCTION (PTY) LTD;0823972244;paulvilakazi87@gmail.com;
APRIL THE BUILDER;0827121158;muntu@makwenzeke.co.za;
RCM CONTRACTORS (PTY) LTD;0118644946;info@rcmcontractors.co.za;
TSOGA MOEPATHUTSI CONSTRUCTION & PROJECTS (PTY) LTD;0176323414;mapalemaluleka@gmail.com;
SIBISI BUILDERS AND CARPENTERS CC;0113331698;sibisi1@telkomsa.net;
SHEILA PUMALAS CONSTRUCTION & PROJECTS;0119887600;mthimzo@gmail.com;
RONNELL PROJECT (PTY)LTD;0110440114;nkomoelias@yahoo.com;
MNAKA CONSTRUCTION PROJECT (PTY) LTD;0127720732;jmnaka@gmail.com;
TSHEGO ARCHITECTURAL AND RECONSTRUCTION PROJECTS (PTY) LTD;0847179058;mahloerens@gmail.com;
SKYMIRA;0722497809;ellenmngonyama@yahoo.com;
NEVERLEAK CONSTRUCTION & WATERPROOFING;0765678434;;
DAPH M CONSTRUCTION;0137522538;dmakhubela@daphm.co.za;
ATTIC CONVERSIONS;0217944552;nelliegs@telkomsa.net;
MOUNT MOOROSI TRADING (PTY) LTD;0834712724;thabisomoorosi28@gmail.com;
STANFORD BUILDING SERVICES;0719222250;mhindostanford@gmail.com;
BETHU BETHU CONSTRUCTION (PTY) LTD;0760363569;;
VISBERG KONSTRUKSIE;0828393359;ianv.esr@gmail.com;
SOUTHPON TRADING CC;0110501053;ernestgasa@gmail.com;
L A DEVELOPMENTS (CAPE) CC;0215533617;ladev@icon.co.za;
I V P DEVELOPMENT HOLDINGS;0115100140;ivpdevelopmentholdings@webmail.co.za;
DANFURN MEUBELS;0185962366;;
HANI CONSTRUCTION (PTY) LTD;0785784759;;
T M M BUILDING AND CONSTRUCTION;0724636301;;
BASADI BA SETSO CONSTRUCTION AND TRADING;0152962155;tseketraveltours@webmail.co.za;
ATLAS BUILDERS;0720740327;kingatlas76@gmail.com;
LOAPI INVESTMENTS (PTY) LTD;0145381020;admin@loapiinvestment.com;
KUHLE QUALITY PROJECTS;0218282164;social@kuhleqp.co.za;
EA ASSOCIATES;0710825993;;
SHAYISA INVESTMENT CC;0312011554;shayisa@webmobile.co.za;
BUZANI DEVELOPMENT SERVICES (PTY)LTD;0732134998;;
MESHLYN CONSTRUCTION & LOGISTICS;0115400162;meshlynconstructionlogistics@ymail.com;
FEMINE CONSTRUCTIONS & PLUMBING;0214279033;info.fmconstructions@gmail.com;
BLACKHAWK CONSTRUCTION;0117083429;blackhawkcon@gmail.com;
A MBULI'S OFSPRING CONSTRUCTION & PROJECTS;0829530378;;
IMVUSA TRADING;0219325153;;
R PLUMBERS CC;0313097195;info@rplumbers.co.za;
PHULIZA SCAFFOLDING;0219171705;;
YANELISWA CONSTRUCTION CIVIL ENGINEERING & PROJECTS;0735034215;yaneliswa@yahoo.com;
EUROA AFRICA CONSTRUCTION;0738828687;euroaafricaconstruction@gmail.com;
LIEGE DEVELOPMENTS & PROJECTS (PTY) LTD;0443823329;info@liegeconstruction.com;
ZWINO CIVILS;0110427737;zwinocivils@gmail.com;
HANI CONSTRUCTION (PTY) LTD;0785784759;;
APRIL BOUERS;0233420697;aaprilbouers@telkomsa.net;
KIVU CIVILS;0313015998;mastaville@gmail.com;
KHAYA HOMES;0314046547;khayahomes@gmail.com;
MANKUMBU TRADING AND CONSTRUCTION;0825420833;mducebekhulu@gmail.com;
AVON PARK BUILDING MAINTENANCE (PTY) LTD;0219045345;dokes004@gmail.com;
CTS PROJECTS;0119581187;liezl@cts-group.co.za;
MATASA CONSTRUCTION SOLUTIONS CC;0728478495;mutaspius@yahoo.com;
CORINT GENERAL TRADING;0315091340;corint.general@gmail.com;
DENNET CONSTRUCTIONS CC;0233427122;;
SERENO HEALTH AND BEAUTY;0119072192;;
NEVERLEAK CONSTRUCTION & WATERPROOFING;0765678434;;
TECHNICAL FINISHES (PTY) LTD;0215354455;eugene@technicalfinishes.com;
STRAP BUILDING CONSTRUCTION;0114350025;strapconstruction@webmail.co.za;
MBATSANA TRADING AND PROJECTS (PTY) LTD;0738388425;;
TENDERITE CONSTRUCTION;0861000044;info@tendcon.co.za;
MIKE'S CONSTRUCTION;0724713936;;
MENWE BUILDING CONTSRUCTION;0118277021;;
TIONE BUILDERS CONSTRUCTION (NHBRC) REG;0110268284;tionec@yahoo.com;
IBHEKUMUZI (PTY) LTD;0731486032;;
BLESSFUL CONSTRUCTION & TRANSPORT CC;0110428577;blessfulconstruction@gmail.com;
THREE ROSE GROUP ENTERPRISES;0791971261;nqubelelomadiba@gmail.com;
NEOMODISANE SERVICES (PTY) LTD;0814218442;neo.modisane@yahoo.com;
MABOZO TRADING CC;0733624240;;
SHININGWATERS CC;0826464805;;
CHANDUKO BUILDING & CONSTRUCTION;0113925840;office@chanduko.co.za;
EA ASSOCIATES;0710825993;;
WIZARD CONSTRUCTION;0793194633;wizard1construction@gmail.com;
FEMINE CONSTRUCTIONS & PLUMBING;0214279033;info.fmconstructions@gmail.com;
BLACKHAWK CONSTRUCTION;0117083429;blackhawkcon@gmail.com;
SERENO HEALTH AND BEAUTY;0119072192;;
LEHLO HOLDINGS;0790713944;tankiso49@gmail.com;
VUKUZEMZELE CONSTRUCTION;0732917156;jamesmokgotse@gmail.com;
PRINCE ASORO GENERAL CONSTRUCTION CC;0114930737;princeasoro@gmail.com;
HC PROJECTS CC;0118223868;info@hcprojects.co.za;
IKHASI CONSTRUCTION;0317022224;ikhasicon@telkomsa.net;
TSOGA MOEPATHUTSI CONSTRUCTION & PROJECTS (PTY) LTD;0176323414;mapalemaluleka@gmail.com;
DAYSTAR CONSTRUCTION;0828164500;info@daystar-construction.com;
T R CONSTRUCTION;0116153723;;
