WALTONS STATIONERY CO (PTY) LTD;0214422800;jhavenga@cape.waltons.co.za;
UNICOPY;0312018415;sales@unicopy.co.za;
WALTONS - BIDVEST WALTONS;0514362990;salesinfo@gp.waltons.co.za;
CARTRIDGE SHOP THE;0119541391;cartshop@mweb.co.za;
COMPUTER IMAGING SUPPLIES (PTY) LTD;0219301577;mikej@cissa.co.za;
KENDALL AND STRACHAN PRINTHOUSE;0333429941;kenprint@intekom.co.za;
ALERT STATIONERS;0313060278;pranesh@alertstationers.com;
NEW ERA STATIONERS CC;0317005255;new-era@mweb.co.za;
YOUR DOOR;0215913688;affirmativecomputers@yourdoor.co.za;
KARNIC DISTRIBUTORS CC;061225901;shannon@karnic.com.na;
MACLEAR WHOLESALE STATIONERS;0437265256;orders@maclearstationers.co.za;
CITY STATIONERS;0437226741;creditors@citystationers.co.za;
DEBBIES PRINTING SERVICES;0123310449;debbies@acenet.co.za;
BUSINESS IMAGES HOLDINGS;0112510600;wayne@bimages.co.za;
DATA INN OFFICE NATIONAL;0152913185;freekn@datainn.co.za;
HARRY'S PRINTERS AND STATIONERS;0414843011;andrestat@iafrica.com;
PROGRESSIVE SOLUTIONS 88 (PTY) LTD;0538311762;progsolutions@telkomsa.net;
DEM'S;0216854599;;
FLIP FILE;0216910477;mark@flipfile.co.za;
LOTUS STATIONERS;0333451290;sales1@lotusstationers.co.za;
EDWARDS OFFICE NATIONAL;0215105701;dshutte@officenational.co.za;
OFFICE PRODUCTS INTERNATIONAL (NAMIBIA) (PTY) LTD;061261060;evisser@bantex.co.za;
PNA (PLUMSTEAD);0217623431;fplumstead@pna.co.za;
DREYER OFFICE SOLUTIONS;0117645202;sales@dreyeroffice.co.za;
BRAINWAVE PROJECTS 2405CC;0827754038;mallekutuk@yahoo.com;
CENTRAL OFFICE EQUIPMENT CANON;0538312086;central@kimnet.co.za;
C N A;0860104170;customerservices@edcon.co.za;
ALL-WRITE STATIONERS CC;0217626832;rosian@netactive.co.za;
TYPO ( GARDEN ROUTE MALL);0448870097;joslinea28@gmail.com;
PAKKETMOLES;0287541187;info@pakketmoles.co.za;
APEX OFFICE NATIONAL;0436424511;sales@apexstationers.co.za;
FRONTLINE OFFICE SUPPLIES;0215345340;jonathan@frontlineoffice.co.za;
P N A STATIONERS (MEADOWRIDGE);0217124699;;
P N A;0218630901;paarlinfo@pnapaarl.co.za;
BARGAIN BOOKS;0446952806;mosselbay@bargainbooks.co.za;
BAKWENA SYSTEMS INTERGRATORS (PTY) LTD;0145941401;elvismbakwena@telkomsa.net;
P A STATIONERS;0543322041;andre@pastationers.co.za;
DIAL-A-STATIONER BK;0118394040;das@metroweb.co.za;
MOLLELWA STATIONERS;0587131269;mollelwa@telkomsa.net;
GRAFTON & STAR PAPER PRODUCTS;0112620777;sales@graftonpaper.co.za;
KROONSTAD OFFICE SUPPLIES;0562151658;veronica@offsupp.co.za;
POSTNET (FARRARMERE);0114253804;farrarmere@postnet.co.za;
TYPO;0218864028;;
LICHTENBURG KANTOORMEUBELS & SKRYFBEHOEFTES;0186326605;kantoor@isdnet.co.za;
HERMANUS OFFICE NATIONAL;0283130003;hermanus@officenational.co.za;
PAX STATIONERS CC;0415823130;paxstationers@axemail.co.za;
PNA (EIKESTAD MALL);0218832841;info@eikestadmall.co.za;
WINDHOEK STATIONERS (PTY) LTD;061262177;telesales@stationers.com.na;
ZY TRADING;0315791170;zyprint@mweb.co.za;
UMKHAYA LTSM (PTY) LTD;0118051310;thulanieumhaya@ltsm.co.za;
EMPTIES.COM;0214258665;empties.com@telkomsa.net;
SPECTRUM UTILITIES CC;0152974150;spectrumutil@worldonline.co.za;
CITY STATIONERS;0415861607;;
WELKOM OFFICE NATIONAL;0573574387;mjordaan@officenational.co.za;
PAPER & PEN STATIONERS;0113915225;paperpen@iburst.co.za;
Cartridge Town;0448732899;george@cartridgetown.co.za;
SOUTH CAPE ACADEMIC SUPP;0448747551;scasbooks@mweb.co.za;
VAN SHAIK BOOKSTORE;0573556103;vswelkom@vanschaik.com;
STATIONERY MECCA;0123255431;megastat@mweb.co.za;
GAYLARD AGENCIES CC;0458396697;brad@btcqtn.co.za;
B T C;0458396697;brad@btcqtn.co.za;
CHAINSAWS & POWER PRODUCTS CC;0178262610;chainsaws@lando.co.za;
INKPRO CC;0413655985;info@inkpro.co.za;
HORTORS S A DIARIES (PTY) LTD;0116070900;sales@hortors.co.za;
4 U OFFICE NATIONAL;0132351486;;
VUMA OFFICE SUPPLIES;0124305330;info@vumaoffice.co.za;
KRUGERSDORP STATIONERS;0116607901;;
INTERSTAT AGENCIES (PTY) LTD;0215551535;info@interstat.co.za;
CDS CAD DRAFTING AND STATIONERY SUPPLIES;0114543315;candy1@cds1.co.za;
ISIBINDI STATIONERS (PTY) LTD;0313053732;sales@isibindistationers.co.za;
STICK-A-LABEL;0233123600;ceres@stickalabel.co.za;
PEN & INK SKRYFBEHOEFTES;0145921563;penadmin@rustationers.co.za;
KATHU BOEKSENTRUM;0537231551;pieterras@telkomsa.net;
LIBRI STATIONERS;0583035317;;
TEMPO OFFICE NATIONAL;0122520797;temposales@officenational.co.za;
C N A;0137570313;cnalowveldam_0367@edcon.co.za;
FOXY STATIONERS;0118941265;foxystat@iafrica.com;
KHULA STATIONERY AGENCIES;0437435129;tshawe@lantic.net;
A D S;0129931046;advanceddigital@telkomsa.net;
CANON VAAL TRIANGLE BUSINESS EQUIPMENT;0164234411;;
PENTEL (SOUTH AFRICA) (PTY) LTD;0114741427;superbsales@pentel.co.za;
PENTEL (SA) (PTY) LTD;0114741427;superbsales@pentel.co.za;
CIRCULAR OFFICE SUPPLIES;0414842728;valmacsales@officenational.co.za;
PROCOM PRINTERS (HERMANUS);0283130110;procom@webafrica.org.za;
PAPERBACK SHACK;0437420670;hjdaya@mweb.co.za;
SWIFT OFFICE SUPPLIES (PTY) LTD;0117891496;sale@swiftoffice.co.za;
PRETORIA OFFICE PRO'S;0126532622;officepros@vodamail.co.za;
CHEKKAT AGENCIES CC;0537123077;chekkat@telkomsa.net;
INTERMACH STATIONERS;0123303326;;
CLASSICA STATIONERS;0446911861;classica@mweb.co.za;
IMAGE OFFICE PRODUCTS;0137553359;;
BANANA ARTS & STATIONERY;0117394444;;
P N A (KEY WEST);0112731306;pnakeywest@gmail.com;
FALCON BESIGHEIDSPRODUKTE BK;0413640136;;
AARON STATIONERS & PRINT;0119552325;kenmare@fox5.co.za;
NICHOLSON CORPORATE STATIONERS (PTY) LTD;0112937900;orders@nicholsonstationers.co.za;
WORLDTECH CC;0114638811;worldtech@iburst.co.za;
RS 21 TRADING ENTERPRISE;0132651789;;
STATIONERY BROKERS CC;0446951152;classica@mweb.co.za;
VILLAGE ART & STATIONERY;0586223398;;
HENK DE LANGE PHILATELIST;0217907536;hdelange@global.co.za;
KHUPHUKA AFRIKA STATIONERS AND PRINTERS;0317013290;khuphukaafrika@gmail.com;
SPECTRA;0458381873;sales@spectra.bz;
FAVOURITE OFFICE NATIONAL;0343154467;marketing@favstat.co.za;
APEX OFFICE NATIONAL;0436424511;sales@apexstationers.co.za;
LOSKOP PRINTERS CC;0132623773;losprint@telkomsa.net;
P N A (MELVILLE);0114827880;pnamelville@gmail.com;
PENTEL SA (PTY) LTD;0114741427;yvonne@pentel.co.za;
LEDGER SYSTEMS CC;0114322087;ledgersy@iafrica.com;
EASY STATIONERS;0118393393;sales@easystationers.co.za;
THE OFFICE;0448733143;liezel@theofficegeorge.co.za;
TSHEPA MOSA TRADING ENTERPRISE;0118693536;;
STATIONERIES XPRESS;0164228269;zaid@stxpress.co.za;
CNA (GREAT NORTH);0152953322;cnagreatnorthsm_0366@edcon.co.za;
EVERGREEN OFFICE NATIONAL;0218593784;bruce@evergreenon.co.za;
DENU CONTINUOUS STATIONERY CC;061422980;;
DRAWING AND OFFICE EQUIPMENT;0184629787;;
P N A STATIONERS;0448730718;pnageorge@gmail.com;
MRS DELIVERIES CATERERS;0437226363;;
PAPERWORX STATIONERS & PRINT;0117606314;info@paperx.co.za;
ELITE STATIONERS;0437226650;sales@elitestat.co.za;
YOUR PRINTER;0448781027;hgplant@mweb.co.za;
RAINBOW CALENDARS;0114527543;performaprint@telkomsa.net;
GAUTENG OFFICE SUPPLIES CC;0116832339;;
COMP-O-PRINT (PTY) LTD;0114749048;;
JANELA-TEK;0218720731;janelatk@mweb.co.za;
STUDENT FLIGHTS;0112262600;sales@trefoil.co.za;
EMPIRE TOY & STATIONERY;0116142243;farrel@impreco.co.za;
TELE WHOLESALE STATIONERS;0114255414;;
WEBBER STATIONERS;0118273715;webberstat@gmail.com;
FOTO KINE CC;0157811755;fotokine@telkomsa.net;
PNA STATIONERS;0183810533;pnamfk@lantic.net;
ABSOLUTE OFFICE (PTY) LTD;0861115386;;
CHELSEA STATIONERS CC;0216969049;;
SPECTRA STATIONERS;0219819168;johlene@spectracpt.bz;
RONMAR OFFICE EQUIPMENT & COMPUTERS;0184681111;info@ronmar.co.za;
FAX AND COPIER CLINIC CC;0169819732;faxcop@mweb.co.za;
P N A WARMBAD;0147364592;;
LIVERPOOL STATIONERS;0114219672;ashiba@telkomsa.net;
OFFICE NATIONAL (WADEVILLE);0119022741;;
BIDVEST WALTONS;0315823700;hvanzyl@kzn.waltons.co.za;
POPSPRINT & STATIONERS;0313013291;pops@ispace.co.za;
MANDLAS STATIONERY CC;0325339217;;
LOWVELD SPORT & STATIONERS;0137512519;pcdejage@mweb.co.za;
PARK AVENUE STATIONERS (LENASIA);0118524146;;
UKUTEMBA OFFICE SUPPLIES;0217610481;ukutemba@mweb.co.za;
ARK PRINTERS;0152911543;arkprint@yebo.co.za;
HI-LITE STATIONERS CC;0314647304;hilite@vodamail.co.za;
SOFTINK;0314032671;;
CREATIVE MINDS (UPINGTON);0543312689;admin@bsarek.co.za;
4 U OFFICE NATIONAL;0132318008;accounts@4ucomputers.co.za;
SHOP 4 U THE;0422933488;;
HIGHVELD OFFICE SUPPLIES;0178113309;;
PEN DEN THE;0117644612;penden@iburst.co.za;
M & H OFFICE EQUIPMENT;0448746582;mhoffice@telkomsa.net;
CARTRIDGE CAVE;0116923791;;
Office - In - One;0129975831;orders@officeinone.co.za;
EAGLE STATIONERS COMPUTER SUPPLIES CC;0313354000;richard@eaglestat.co.za;
P N A STATIONERY;0445334917;;
MONITA BOOKS & STATIONERY;0163621200;monitabooksstationery@gmail.com;
ANN-V STATIONERS;0357898221;sales@ann-v.co.za;
KAKAMAS SKRYFBEHOEFTES;0544311523;retha@skryfbehoeftes.net;
OFFICE MANIA CC;0122523751;sales@officemania.co.za;
SCHALK VAN HEERDEN;0349814701;watch@crazyweb.co.za;
KOSMOS SKRYFBEHOEFTES;0132351422;lizellebykosmos@gmail.com;
VAAL OFFICE SUPPLIES CC;0169764691;vos@lantic.net;
DISKONTO STATIONERY;0448742262;diskonto@absamail.co.za;
MAKHADO GIFTS & STATIONERY;0155160584;;
SAKHISIZWE OFFICE SOLUTIONS;0113331686;sakhisoffice@gmail.com;
PEN 2 PAPER STATIONERS CC;0112113208;;
MINIT PRINT SOUTHERN AFRICA CC;0123622807;;
NAOMI SNETHEMBA TRADING;0119315681;;
BARBERTON SKRYFBEHOEFTES;0137122223;;
IRWING DISTRIBUTORS AND STATIONERS;0475324888;mlpenxa@yahoo.com;
PREMIER STATIONERY MANUFACTURING CO;0215306101;premierinfo@premierstationery.co.za;
PHEZULU OFFICE SUPPLIES CC;0312669480;;
LION OF JUDAH STATIONERS;0315640980;;
BOJANALA OFFICE NATIONAL;0145970918;rtbsales@officenational.co.za;
M L STATIONERS CC;0114328855;;
SIYAYA STATIONERS & COMPUTER SUPPLIES;0315795187;neisha.siyayastat@gmail.com;
E N A OFFICE NATIONAL;0178193242;;
STAT WAREHOUSE & LASER ENGRAVING;0446953116;statwarehouse@telkomsa.net;
COPY MASTER;0128033977;mark@copymaster.co.za;
RED CIRCLE SCHOOL SUPPLIES;0216371352;redcircl@mweb.co.za;
LYN GREEN STATIONERS;0215531208;;
TYPO;0215522635;info@magmtec.co.za;
RT STATIONERY (LANGENHOVEN PARK);0514465000;;
V-TRONIX;0312039900;;
LIMPOPO STATIONERS AND OFFICE EQUIPMENT;0147721000;limpopostationery@gmail.com;
CLARON STATIONERS;0538324704;clar@telkomsa.net;
DOLPHIN STATIONERS;0443432428;dolphinstationers@telkomsa.net;
NEXUS AGENCY;061236860;ccs@mweb.com.na;
STANLEY'S STATIONERS;0312668159;kevins@stanleystationers.co.za;
PENNEBLIKKIE;0517630687;;
THE BOOK CENTRE (NOORHEUWEL);0119541007;;
P D L STATIONERS;0533840519;pdl.stationers@gmail.com;
PNA SKRYFBEHOEFTES;0442720389;;
HARTS BOEKHANDEL;0534740303;hboekhandel@gmail.com;
PENCAFE STATIONERS;0219756085;sales@pencafe.co.za;
KGOLETSO STATIONERS AND PROJECT CC;0113340228;kgoletso@telkomsa.net;
ANESH ENTERPRISES;0118153775;aneshent@iafrica.com;
VIBRANT PRINT AND STATIONERS;0329444063;vibrantstat@gmail.com;
BASSETT STATIONERS & PRINT WITH SCRAP STUDIO;0215562207;;
QUAINT THINGS;0218562856;;
ART STATIONERS AND STANDARD PRINTERS CC;0313094540;;
SKALAUWA TRADING ENTERPRISE CC;0113334263;mamosadiselekawe@yahoo.com;
MUDIX BUSINESS ENTERPRISE;0155164921;masuthaivy@gmail.com;
CHARTAPROPS 1050 CC;0357721921;;
ANYTIME STATIONERS;0314649000;;
A-BAY STATIONERS;0413732414;;
GR PYM OFFICE NATIONAL;0118387907;;
MEGA MEDIA;0118670512;;
HAISH THREE OFFICE SOLUTIONS;0110470147;haishthreeoffice@telkomsa.co.za;
QUAINT THINGS;0218562856;;
LIBRAS OFFICE SUPPLIES CC;0117817120;librasupplies@telkomsa.net;
GREEN DOT OFFICE SUPPLIES;0315695744;rugbeer@telkomsa.net;
SAHARA CENTS TRADING ENTERPRISES;0113339149;;
STICK-A-LABEL CC;0219305674;reps@stickalabel.co.za;
ACB STATIONERS (PTY) LTD;0828594445;;
JOINT FORCE SECURITY;0414843496;jointforce@isat.co.za;
MPUMALANGA STATIONERY & OFFICE;0137554053;;
ZENALA BUSINESS SOLUTIONS;0119332856;sales@zenala.co.za;
MEYER BUSINESS STATIONERS CC;0123420819;brucem@mweb.co.za;
BASSETT STATIONERS AND PRINT WITH SCRAP STUDIO;0215562207;scrapstudio.bassettstationers@yahoo.com;
BASSETT STATIONERS & PRINT WITH SCRAP STUDIO;0215562207;;
KAGO STATIONERY SUPPLY;0118175658;;
STADEX STATIONERY;0137522265;nelspruit@stadex.co.za;
BLOEM OFFICE;0514331958;manager@bloemoffice.co.za;
ABM OFFICE NATIONAL;0466224611;abmon@abmon.co.za;
ARIES OFFICE SUPPLIES;0826786935;;
STYLECRAFT OFFICE DESIGNS CC;0313062877;info@stylecraft.co.za;
ROBBY'S PRINTING;0159704525;;
NYATHELANI;0119413942;zandiv18@gmail.com;
JOSHUA AGENCIES CC;0313047113;warren@joshuaagencies.com;
HAISH THREE OFFICE SOLUTIONS;0110470147;haishthreeoffice@telkomsa.co.za;
QUAINT THINGS;0218562856;;
KAMELIA PRINTERS CC;0119701062;omographix@mweb.co.za;
FREEDOM STATIONERY (PTY) LTD;0113140957;gpsales@freedomstationery.co.za;
CORREIRA SUPPLIES;0114354063;;
WORLD FOCUS 735 CC;0825003852;madotamagqwanti@gmail.com;
NASHUA (TSHWANE);0124332700;sannettec@nashuatshs.co.za;
ARETHOMENG AGENCIES CC;0152922876;mathomo@telkomsa.net;
CORNER STATIONERY SHOP;0218729852;;
OFFICE MASTERS CC;0117083906;;
M & H SUPPLIERS;0123276289;mhsuppliers@hotmail.com;
AGENCY BOARDS AND SIGNS;0118228868;;
G O B E MULTI SERVICES & STATIONERY CC;0152952880;pgmn@worldonline.co.za;
CITY CENTRE STATIONERS;061256123;ccs@mweb.com.na;
BLUE DOT PROPERTIES;0357894029;;
SESIFIKILE BOOKSELLERS;0333429665;dulc@futurenet.co.za;
AGISANANG DISTRIBUTORS CC;0538324987;williamvw@mweb.co.za;
FREEDOM STATIONERY (PTY) LTD;0113140957;gpsales@freedomstationery.co.za;
FORMS MEDIA INDEPENDENT AFRICA (PTY) LTD;0176311296;;
IMVEMVANE STATIONERS;0114768790;garth@sinkmaster.co.za;
STICK-A-LABEL CC;0219305674;reps@stickalabel.co.za;
M & H SUPPLIERS CC;0114225259;;
CARTRIDGE CORNER;0123762494;sales@afriquelaser.co.za;
THABUSASE STATIONERS;0313011231;thabusase@telkomsa.net;
THE WRITE SHOPPE;0217010882;;
COM PRINTERS CC;0116934247;beth@comprint.co.za;
DUMEHLEKA;0178832011;;
PRINTACTIVE PRINT SHOP (ELLISRAS);0147631102;printactiveprintshop@gmail.com;
DI-SAN COMPUTER MEDIA CC;0117926339;;
OFFICE ELEMENTS;0315695584;sales@officeelements.co.za;
BASSETT STATIONERS & PRINT WITH SCRAP STUDIO;0215562207;;
TSHEPO OFFICE PROJECTS;0833323909;pududum@webmail.co.za;
BLOEM OFFICE;0514331958;manager@bloemoffice.co.za;
ARIES OFFICE SUPPLIES;0826786935;;
SESIFIKILE BOOKSELLERS;0333429665;dulc@futurenet.co.za;
EXTREME BOOKSELLERS & STATIONERS;0826909676;;
PAPERCHAIN;0317013792;sales@paperchain.co.za;
MUGADANGO TRADING & PROJECTS;0123230508;mugadango@gmail.com;
B S C STATIONERY (TREELINE);0114203250;sales@treeline.co.za;
P N A HEAD OFFICE;0116724391;;
THE CARTRIDGE ONE STOP;0614185487;wilropark@thecartridgeonestop.co.za;
PROMINENT INTERNET CAFE;0132318249;;
SAHARA CENTS TRADING ENTERPRISES;0113339149;;
REGENCY SOUTH AFRICA;0319026226;neil@regencysa.com;
3@1 POSTAL BUSINESS COMMUNICATION;0215953970;n1city@3at1.co.za;
COPYWRITE OFFICE NATIONAL STATIONERS;0114632247;orders@copywrite-stationers.co.za;
OFFICE ELEMENTS;0860333335;sales@officeelements.co.za;
PRETORIA OFFICE SUPPLIES CC;0123231056;;
LETHABONG STATIONERS CC;0114531218;info@lethabongstationers.co.za;
OFFICE MATE;0118300524;may@shalmay.co.za;
ZENALA BUSINESS SOLUTIONS;0119332856;sales@zenala.co.za;
PHILNOR OFFICE SUPPLIES (PTY) LTD;0136565834;philnor3@telkomsa.net;
CITY CENTRE STATIONERS;061256123;ccs@mweb.com.na;
BEL TEC;0317663797;;
SESIFIKILE BOOKSELLERS;0333429665;dulc@futurenet.co.za;
CNA;0152650070;cnanorthmallsm1557@edcon.co.za;
TYPO;0218515516;;
BIZY BEE;0539276897;maddocks@megadial.com;
TYPE-WRITE STATIONERS (PTY) LTD;0113266720;;
SIZADAWN MARKETING CC;0119867760;zakhele@sizadawn.co.za;
BARGAIN BOOKS - NORTHGATE;0117941108;info@bargainbooks.co.za;
OFFICE EXCELLENCE;0123463415;;
WEST COAST OFFICE NATIONAL;0227131111;db@pencil.co.za;
SETHU GENERAL TRADING;0137554208;joanandlovu@yahoo.co.uk;
OFFICE ELEMENTS;0860333335;sales@officeelements.co.za;
DOT OFFICE SUPPLIES (PTY) LTD;0113471000;dot@icon.co.za;
ST ANDREWS OFFICE SUPPLIES CC;0114255527;dave@staoffice.co.za;
WALTONS STATIONERS;0217945045;constantia@cape.waltons.co.za;
DIRECT BUSINESS STATIONERS;0317096473;neil@sincsolutions.co.za;
CORNER STATIONERY SHOP;0218729852;;
E D K BESIGHEIDSMASJIENE;0272134411;tollie@edkb.co.za;
BLUE LINE OFFICE SUPPLIES;0514322658;admin@blos.co.za;
FURNITURE FUNDEEZ;0163412931;;
ABM OFFICE NATIONAL;0466224611;abmon@abmon.co.za;
EXTREME BOOKSELLERS & STATIONERS;0826909676;;
PAPERCHAIN;0317013792;sales@paperchain.co.za;
TYPO;0218515516;;
A-BAY STATIONERS;0413732414;;
G R PYM CC;0118387907;orders@grpym.co.za;
SIZAMPILO STATIONERY;0137522971;;
JACK AND JILL STATIONERS AND HYGIENE;0123463866;;
JABATHA PAPER & STATIONERY CC;0514329262;bloem.sales@jabatha.co.za;
PRETORIA OFFICE SUPPLIES CC;0123231056;;
CRESCENT STATIONERY & COMPUTER DISTRIBUTORS;0118372876;kagin@telkomsa.net;
HUMAN SCALE PRINTERS CC;0319122910;info@humanscale.co.za;
C & A (NABOOMSPRUIT);0147430755;;
THE WRITE SHOPPE;0217010882;;
COM PRINTERS CC;0116934247;beth@comprint.co.za;
SANDTON STATIONERY AND PRINT;0118834462;sandtonstat@mweb.co.za;
BASSETT STATIONERS & PRINT WITH SCRAP STUDIO;0215562207;;
UMMSIZI OFFICE SUPPLIES CC;0114729473;brian@ummsizi.co.za;
BOND STATIONERS;0118884292;wendy.a@bondstationers.co.za;
IDEAL STATIONERY & OFFICE SUPPLIES;0118674931;info@idealstat.co.za;
G R PYM CC;0118387907;orders@grpym.co.za;
J P & S STATIONERS;0215101333;simonf@jpands.co.za;
MABULANE OFFICE PRODUCTS AND COMMUNICATIONS;0114729928;info@mopac.co.za;
KAMELIA PRINTERS CC;0119701062;omographix@mweb.co.za;
NORTHERN CAPE PRINTING & STATIONERY CC;0538311557;fmos@worldonline.co.za;
SIZADAWN MARKETING CC;0119867760;zakhele@sizadawn.co.za;
ISHISHINI LOOMANA GENERAL SUPPLIES;0474891037;ishishiniloomama@vodamail.co.za;
PRETORIA WHOLESALE STATIONERS;0215279000;sales@pws.co.za;
FORMS MEDIA INDEPENDENT AFRICA (PTY) LTD;0176311296;;
OFFICE MEDIA;0152953349;chrisn@offtech.co.za;
INJONGO OFFICE D'ZINE;0217614980;injongo2@tiscali.co.za;
@ OFFICE WORLD;0533130462;pmgsales@officeworld.co.za;
LABMERCK STATIONERY AND SCHOOL SUPPLIES;0318113115;stanton@labmerck.co.za;
TNS PRESS & MEDIA (PTY) LTD;0437222639;;
PRINTACTIVE PRINT SHOP (ELLISRAS);0147631102;printactiveprintshop@gmail.com;
COPY WRITE BUSINESS CENTRE;0114632249;;
PHILNOR OFFICE SUPPLIES (PTY) LTD;0136565834;philnor3@telkomsa.net;
STADEX STATIONERY;0137522265;nelspruit@stadex.co.za;
ALL-IN-ONE;0113623278;sales@allinonestationers.co.za;
ABM OFFICE NATIONAL;0466224611;abmon@abmon.co.za;
G R PYM CC;0118387907;orders@grpym.co.za;
MUGADANGO TRADING & PROJECTS;0123230508;mugadango@gmail.com;
SOUTHERN AMBITIONS STATIONERS;0113262538;sastationer@telkomsa.net;
OFFICE WORLD;0182933469;pz@officeworld.co.za;
P N A HEAD OFFICE;0116724391;;
AGISANANG DISTRIBUTORS CC;0538324987;williamvw@mweb.co.za;
BARGAIN BOOKS - NORTHGATE;0117941108;info@bargainbooks.co.za;
STRUISBAAI STATIONERS & CRAFT SUPPLIES;0284357804;struisbaaistationers@gmail.com;
COPYWRITE OFFICE NATIONAL STATIONERS;0114632247;orders@copywrite-stationers.co.za;
M S PRINT;0357923462;msprint@iafrica.com;
THI_LI TRADING ENTERPRISE;0119825015;thi_li@telkomsa.net;
PNA (CRADLESTONE);0116621262;communication@pna.co.za;
BERG'S OFFICE EQUIPMENT;0333451834;;
K AND E SHAKU TRADING;0123228844;;
BARGAIN BOOKS - THE GLEN SHOPPING CENTRE;0114354328;info@bargainbooks.co.za;
CORNER STATIONERY SHOP;0218729852;;
PLAZA STATIONERS AND PRINTERS;0437221772;;
BLUE LINE OFFICE SUPPLIES;0514322658;admin@blos.co.za;
COM PRINTERS CC;0116934247;willie@comprint.co.za;
MGI;0137552497;nelspruit@mgi.ac.za;
ANYTIME STATIONERS;0314649000;;
BUDGET PRINTERS & STATIONERS;0343151686;;
MUDIX BUSINESS ENTERPRISE;0155164921;masuthaivy@gmail.com;
KAMELIA PRINTERS CC;0119701062;omographix@mweb.co.za;
SIZADAWN MARKETING CC;0119867760;zakhele@sizadawn.co.za;
STRUISBAAI STATIONERS & CRAFT SUPPLIES;0284357804;struisbaaistationers@gmail.com;
SIZAMPILO STATIONERY;0137522971;;
FORMS MEDIA INDEPENDENT AFRICA (PTY) LTD;0176311296;;
G AND K STATIONERS;0183813680;;
IMVEMVANE STATIONERS;0114768790;garth@sinkmaster.co.za;
SIMSIB PRINTERS;0137552632;maseko.lee@gmail.com;
ADAMS BOOKSHOP;0214212462;capecity@adamsbooks.co.za;
THE WRITE SHOPPE;0217010882;;
COM PRINTERS CC;0116934247;beth@comprint.co.za;
WILSON STATIONERS;0837700601;ricardo@siyaphambiliel.co.za;
KRISTEN PRINTERS & STATIONERS;0155162324;prp@lantic.net;
M I M STATIONERS CC;0118261862;;
AGENCY BOARDS AND SIGNS;0118228868;;
CHARTAPROPS 1050 CC;0357721921;;
PACKAGING & STATIONERY DISTRIBUTORS CC;0118391923;packstationery@telkomsa.net;
BEL TEC;0317663797;;
SKALAUWA TRADING ENTERPRISE CC;0113334263;mamosadiselekawe@yahoo.com;
G R PYM CC;0118387907;orders@grpym.co.za;
NYATHELANI;0119413942;zandiv18@gmail.com;
VERMEULEN FORMS;0515226742;vermeulenforms@telkomsa.net;
MEGA MEDIA;0118670512;;
SOUTHERN AMBITIONS STATIONERS;0113262538;sastationer@telkomsa.net;
STATIONERS ENGRAVING CC;0118343091;sales@selitho.co.za;
ISHISHINI LOOMANA GENERAL SUPPLIES;0474891037;ishishiniloomama@vodamail.co.za;
SAHARA CENTS TRADING ENTERPRISES;0113339149;;
BALSHI OFFICE SUPPLY;0113941840;david.balshi@gmail.com;
OFFICE MAN;0147631265;officeman@blitznet.co.za;
P N A (CAPE GATE);0219810787;pnacapegate@mweb.co.za;
FORMATT SIMPLIFORM;0114527070;formatt@formatt.co.za;
PLAZA STATIONERS AND PRINTERS;0437221772;;
PHILNOR OFFICE SUPPLIES (PTY) LTD;0136565834;philnor3@telkomsa.net;
RT STATIONERY (UNIVERSITAS);0514126548;;
FREEDOM STATIONERY (ISITHEBE);0324592820;deo@freedomstationery.co.za;
NOR PAPER;0119289111;mpumi.khasana@bdsol.co.za;
MGI;0137552497;nelspruit@mgi.ac.za;
IDEAL STATIONERY & OFFICE SUPPLIES;0118674931;info@idealstat.co.za;
BLOEM OFFICE;0514331958;manager@bloemoffice.co.za;
CNA;0152650070;cnanorthmallsm1557@edcon.co.za;
ANYTIME STATIONERS;0314649000;;
SOUTHERN AMBITIONS STATIONERS;0113262538;sastationer@telkomsa.net;
STATIONERS ENGRAVING CC;0118343091;sales@selitho.co.za;
LIBRAS OFFICE SUPPLIES CC;0117817120;librasupplies@telkomsa.net;
OFFICE MEDIA;0152953349;chrisn@offtech.co.za;
3@1 POSTAL BUSINESS COMMUNICATION;0215953970;n1city@3at1.co.za;
GULA STATIONERS;0533132916;gulaisnice@gmail.com;
TRADEFACTOR OFFICE SUPPLIERS & STATIONERY;0215104445;;
DIRECT BUSINESS STATIONERS;0317096473;neil@sincsolutions.co.za;
COM PRINTERS CC;0116934247;beth@comprint.co.za;
ZENALA BUSINESS SOLUTIONS;0119332856;sales@zenala.co.za;
ELEGANT LINE TRADING 320 CC;0357723038;;
S A RUBBER STAMP CC;0731842413;0318114010@neomail.co.za;
ZENZELE STATIONERY & PRINTERS CC;0118391773;zenzele.stationery@telkomsa.net;
EMBASSY AGENCIES CC;0123231276;embbassy@gmail.com;
MAKRO SA (HEAD OFFICE);0117970000;makrocare@makro.co.za;alberton@makro.co.za;carnivalcity@makro.co.za;crownmines@makro.co.za;germiston@makro.co.za;strubensvalley@makro.co.za;woodmead@makro.co.za;
KOMPARE (PTY) LTD;0860994060;kompareinfo@kompare.co.za;
GAME (REGIONAL OFFICE);0443020000;priscillal@mdd.co.za;
WALTONS STATIONERY CO NAMIBIA (PTY) LTD;0612838000;johan@waltons-namib.com;
SHALMAY STATIONERS;0118300524;orders@shalmay.co.za;
CARTRIDGE DEPOT (PTY) LTD;0128030307;sales@cartridgedepot.co.za;
FIREBALL TRADE AND INVEST 7 PTY LTD;0448730421;george@jetline.co.za;
JETLINE E.COM;0184622872;klerksdorp@jetline.co.za;
H P SUPPLIES BUSINESS PARTNER;0413731516;datapower@intekom.co.za;
PEN ON PAPER DISTRIBUTORS;0164211643;penonpaper@icon.co.za;
ABA-ABANTU PRINTERS;0123275014;extrafast@icon.co.za;
SILVERAY STATIONERY CO;0219365200;infoct@silveray.co.za;
O H FREWIN (EDMS) BPK;0132435550;mwfrewin@mweb.co.za;
NASHUA (NORTH EAST);0114587000;faldeelae@nashuanortheast.co.za;
RAMSONS;0333970660;;
J P & S STATIONERS;0215101333;simonf@jpands.co.za;
BLUE DOT PROPERTIES;0357894029;;
FURNITURE FUNDEEZ;0163412931;;
MASAKHANE BARCODING & LABELS CC;0118825478;mbandl@mweb.co.za;
AIM PRINT CC;0315795577;info@aimprint.co.za;
Tugela Print;0366372251;sales@tugelaprint.co.za;
GREYTOWN BOOKSHOP;0334131490;gtnbookshop@telkomsa.net;
PHUMELELA OFFICE AUTOMATION;0413633629;sales@poa.co.za;
NORTHERN KEYS & NUMBER PLATES;0824556322;northernkeys@telkomsa.net;
GAME (KIMBERLEY);0538366500;GameKimberleyNorthCapeMall@mdd.co.za;
BARGAIN BOOKS;0538311297;diamondpavilion@barginbooks.co.za;
MIBRICHA SUPPLIES CC;0118671485;;
BATHUSI PROMOTIONS & SUPPLIERS (PTY) LTD;0125673968;apap@iafrica.com;
PNA (EAST RAND);0872363170;;
PNA;0233423305;worcester@pnaonline.co.za;
ADAMS & GRIGGS;0313194300;education@adamsbooks.co.za;
COPICENTRE LOGISTIX;0313011230;copicenterx@absamail.co.za;
LIPSY;0114956000;customerservices@edcon.co.za;
COPY SHOP;0514302217;vdberg_copyshop@telkomsa.net;
SAPPI (CAPE) KRAFT MILLERS (PTY) LTD;0215522127;;
KYOCERA;0860688788;delmarie@km-ec.co.za;
TRAMARCO TRADING INTERNATIONAL (PTY) LTD;0419229011;traco@iafrica.com;
ARROW STATIONERS CC;0114211331;arrowsales@officenational.co.za;
AAMA OFFICE MACHINES;0152971092;aamaoffice@telkomsa.net;
XANITA;0218520606;;
VANS OFFICE SUPPLIES (EASTERN CAPE) CC;0413656121;vansstat@intekom.co.za;
REEGANS FREIGHT CC;0113921615;iqthar@reegansfreight.co.za;
C N A;0155164232;;
WILLTECH OFFICE EQUIPMENT CC;0178197611;sales@willtech.co.za;
THE NAPPY SHOP;0218511172;info@nappyclinic.co.za;
URCIA TRADING ENTERPRISE;0152915328;urciate@gmail.com;
INVENTAPROM (PTY) LTD;0118051636;fofo@inventaprom.co.za;
PNA;0218548108;info@pnastrand.co.za;
BIDVEST WALTONS;0514109800;hfarber@fswaltons.co.za;
T N D SCHOOL & OFFICE SUPPLIES (PTY) LTD;0349800665;tndsupplies@gmail.com;
WEB STATIONERS;0406364526;;
ASIKHULUMENI COMMUNICATIONS AND MARKETING (PTY) LT;0137413950;jg.sporting@vodamail.co.za;
TSHEHLA STATIONERS & OFFICE SUPPLIES;0152970403;tshehlasos@webmail.co.za;
A Y M SERVICES CC;0317085002;aimhigh@telkomsa.net;
BANARENG OFFICE SUPPLIES;0114534032;rufus.banareng@telkomsa.net;
OFFICE HABITAT CC;0861422883;busi@officehabitat.co.za;
KINGDOM STATIONERS & COMPUTER SUPPLIES;0118379040;kingdomstationers@54.co.za;
VESPA ( MELROSE ARCH );0116841010;;
COMPUTER MANIA;0227132844;weskusmall@computermania.co.za;
Jet Stationery Products;0119070606;jetstat@mweb.co.za;
ALEXANDER PRINTERS CC;0118235672;debs_alex@mweb.co.za;
GREYTOWN OFFICE MACHINES;0334171197;taylor@gom.co.za;
AUDIO COMPUTER WORLD;0357511504;gary@audicomputerworld.co.za;
COST PLUS OFFICE SUPPLIES (PTY) LTD;0114403999;sales@costplus.co.za;
CITY STATIONERY CC;061259759;cs@iway.na;
RULE RITE STATIONERS;0119724707;rulerite@mweb.co.za;
J C OFFICE SUPPLIES CC;0114749297;jcoffice@xsinet.co.za;
PRIMA SKRYFBEHOEFTES;0177122814;wilma@primastationery.co.za;
QUEENS PRINT & PROMO;0314091415;queensprint@trump.co.za;
IBAYI BOLT AND NUT;0414873350;sales@ibayipc.co.za;
PRIMA SKRYFBEHOEFTES;0176473628;marius@primastationary.co.za;
PROMARK COMPUTER & PRINT CC;0114350220;promarksupplies@telkomsa.net;
ONE STOP STATIONERY;0118808418;;
MEL'S STATIONERS;0215737210;;
MDC OFFICE SUPPLIES & STATIONERS CC;0129983661;mdcoff@global.co.za;
JUSTINE;061229822;;
HOPEWELL STATIONERS;0333422562;razak@absamail.co.za;
THE INKDROP;0312015414;diana@inkdrop.co.za;
EDUMEDIA WCED;0216899536;;
AMYSA STATIONERS;0169333380;amysa@telkomsa.net;
BARGAIN BOOKS;0443824848;;
RAMSGATE STATIONERS & BOOKSELLERS;0393150213;;
P N A STATIONERS (DALPARK);0119158784;;
VAAL STATIONERS (PTY) LTD;0164220914;admin@prestigevaal.co.za;
EXPEDITION AFRICA;0217090897;;
P S MARKETING SOUTHERN SURBURB;0217159274;psmarket@new.co.za;
CARTRIDGE CAVE;0114726819;florida@catrigecage.co.za;
UMTATA COPIERS & STATIONERS;0475323785;umtatacopiers@yahoo.com;
C N A;061224090;risaacs@edcon.co.za;
NGWANE STATIONARY SERVICES CC;0114434285;;
CREATIVE STATIONERY;0116611000;;
OFFICE NATIONAL (HOUT BAY);0217902630;;
NATIONAL STATIONERY CC;0315382525;ns@natstat.co.za;
EVATON POST NET;0165820290;;
POST NET (SEBOKENG);0165940029;;
ACB STATIONERS CC;0114544356;sales@acbstationers.co.za;
STAR STATIONERS & PRINTERS;0315691061;desiree@starstat.co.za;
WADI AFRICA STATIONERY (PTY) LTD;0116141611;wadiafricastationery@gmail.com;
PREMIER BOOK BAZAAR;0313091095;premierb@mweb.co.za;
C N A (HARTBEESPOORT);0122532713;cnahartebeespoort_1535sm@edcon.co.za;
ROOPANANDS;0315791534;;
C N A;064207643;risaacs@cdconco.za;
CNA;064404488;risaacs@edcon.co.za;
KIMALYN TRADING CC;0117605929;kimalynshop@telkomsa.net;
OXFORD STATIONERY BOOKS;0214657654;info@oxfords.co.za;
PHILLY'S STATIONERY & OFFICE FURNITURE CC;0137377933;phylly12@telkomsa.net;
MR BEAN'S OFFICE;0152911772;info@mrbeans.co.za;
PRINT JUNCTION DIGITAL AND LITHO PRINTING;0113972270;;
AVROY TRADERS;0828511181;;
PNA STATIONERS;0285141482;frog1@internet-sa.co.za;
SCHOOL FACTORY;0314012182;shane@rubberstampskzn.co.za;
WORKSHOPPE THE;0117681446;;
XEROX;0448741217;admin@xrxsc.co.za;
LORASIV STATIONERS;0315027310;siva@lorasiv.co.za;
S A GREETINGS (PTY) LTD;0312756700;leanne.y@sagreetings.co.za;
10/10 SKRYFBEHOEFTES STATIONERS;0325861690;wilma@10uit10ballito.co.za;
P N A SECUNDA STATIONERS;0176342378;secpna@bzk.co.za;
REEF STATIONERY AND COMPUTER SUPPLIES;0119742830;;
MY STATIONER;0814561446;sales@mystationer.co.za;
FOLIO OFFICE NATIONAL;0123285061;folio@officenational.co.za;
MILLENNIUM MANAGEMENT CONSULTING CC;0118350001;zaheda@millenium.co.za;
BOOKRITE STATIONERS CC;0123274577;sales@bookrite.co.za;
CFC OFFICE NATIONAL;0539276236;;
SILVER STATIONERS;0396827947;silverstat@telkomsa.net;
PROTEA FAX & COPIES;0119321951;proteafax@mweb.co.za;
P N A;0224823636;;
HAS BEEN OFFICE FURNITURE (PTY) LTD;0117922911;info@hasbeens.co.za;
OFFICE WORLD;0229313365;lisa@officeworld.co.za;
GOLDEN OFFICE SUPPLIES;0437268406;goldensales@mweb.co.za;
H & R STATIONERY;0442720876;hbooysen60@gmail.com;
ART & OFFICE;0215516834;art@realpaper.co.za;
CARDIES;0215554455;;
VIB BOOKSHOP;0219513343;;
NCUBE PRINTERS;0114873892;;
GLENSTAT;0113345688;;
JET JOE VALET & AUTO GLAZING;0114361400;jetwashjoe@gmail.com;
BRIGHT PRINT AND STATIONERY;0118352896;;
PEPPERMINT PRINT;0314590700;pepprint@iafrica.com;
V M STATIONERS & PRINTERS;0312012009;vmstationers@telkomsa.net;
E F S BUSINESS MACHINES;0586222699;copycentre@efsbm.co.za;
KIDDIES PARADISE NURSERY SCHOOL;0119535357;;
PARK AVENUE STATIONERS (GARDEN ROUTE);0445335772;zakie@parkavenue.co.za;plett@parkavenue.co.za;
NEW HORIZONS BEGRAFNISDIENSTE;0442722777;parlour@scwireless.co.za;
CHRISTIAN BOOKSELLERS;0437265214;cbstrust@polka.co.za;
X L INDUSTRIES;0315024336;xlindustries@telkomsa.net;
PADDINGTON STATIONERS EST 1981;0118964581;;
SELCOURT STATIONERS;0118181792;;
THE VARIETY SHOP;0119543944;;
WRITE SHOPPE THE (MARKPLEINSENTRUM);0218735662;thewriteshoppe@mweb.co.za;
WRITE SHOPPE THE (MARKPLEINSENTRUM);0218735662;thewriteshoppe@mweb.co.za;
GRAND PRIX PRINTERS;0413638100;orders@grandprixprinters.co.za;
STUDENT SHOP THE;0466452163;0466452163@efg.co.za;
IMPACT PRINTERS;0393144263;impactp@venturenet.co.za;
EDUCATION & TRAINING SYSTEMS CC;0313045306;0313045306@efg.co.za;
SAFEWAY ORDERING SYSTEMS;0314002961;safeway@polka.co.za;
PROGRESS OFFICE MACHINES CC;0711738873;husain@progressoffice.co.za;
LITHOTECH MANUFACTURING;0317927000;raymondr@lithotech.co.za;
DUKES STORAGE;0761942437;;
PRINT DOT COM;0187862018;;
SCHOLTZ & SEUN;0589131130;;
L & P OFFICE;0514303061;;
THE BOOK CENTRE KRUGERSDORP BRANCH;0116601925;;
K & F NEL ENTERPRISES CC;0413730739;brenda@kfnel.co.za;
C I A STATIONERS;0534975326;;
C I A STATIONERS;0534562563;;
P D L STATIONERS;0533850317;;
STATIONERY 4 U;0332666886;;
EDUTOOLZ;0325521269;;
SHARP-SHOOT PRINT PUBLISH & STATIONERY;0152978416;maidipc@telkomsa.net;
KOMATI STATIONERS;0137938468;komatistationers@gmail.com;
P N A DOUGLASDALE;0114627977;;
A B RICHARDS;0363523792;andrew@abrichards.co.za;
PEN & INK;0539631143;;
SIYAFUNDA STATIONERY DISTRIBUTORS CC;0215113610;;
WINKELOPPIE WESKUS;0227832525;charmaine.bothma@yahoo.com;
FORMPROPS 66 (PTY) LTD;0114961740;formprop@mweb.co.za;
PRESHEN'S PRINTERS CC;0314015625;padamr@mweb.co.za;
BAY CITY TRADING 257 CC;0366313599;;
S A GREETINGS (PTY) LTD;0315089100;;
CELGLADE INVESTMENTS (PTY) LTD;0437220671;;
WESTERN COMPUTER SUPPLIES CC;0116745040;;
GILL'S STATIONERS;0337011131;;
ZURIEL SKOOLDRAG & SKRYFBEHOEFTES;0123797500;;
KAY 2ZE GEE TOURS;0187883337;;
MONT BLANC;0214215015;mbcapetown@montblac.co.za;
MR PRICE GROUP SYSTEM DIVISION;0227135465;;
C N A;0219141471;;
NYEKO PRINTING AND OFFICE SUPPLIES;0118321457;;
CANYON & VUVUZELA OFFICE SUPPLIES;0313685284;canyonoffice@telkomsa.net;
LWAZI BOOKSELLERS AND STATIONERS;0213723161;;
ATLEGA STATIONERS CC;0125430485;;
ABC STATIONERS;0437261550;;
SHER STATIONERS CC;0116729048;chris@sherstat.co.za;
PNA THE SQUARE @ FARRARMERE;0114253038;liggies@pnaligt.co.za;
LA ROCHELLE SKRYFBEHOEFTES;0419331960;;
HOUT BAY OFFICE NATIONAL;0217902630;admin@onhb.co.za;
MDIO SOFTWARE CC;0118671084;;
4 WAYS STATIONERS CC;0114672008;;
THE INKPOT;0145973164;;
M'DU TRADING;725031480;mdutrading@webmail.co.za;
WINO STATIONERS CC;0123428135;;
INK WELL;0448840278;;
THE CRAZY STORE ADO MELBRO RETAIL (PTY)LTD;0113630683;;
MUNREAD CC;0314670867;;
CELL PLUS STATIONERY;0333945701;;
SPACETEK WORX CC;0127515777;sales@spacetek.co.za;
CNA;0124607420;;
KAY 2ZE GEE TOURS;0187883337;;
DIVUSE TRADING ENTERPRISE;0159621555;;
SHER STATIONERS CC;0116729048;chris@sherstat.co.za;
G D S STATIONERS CC;0118731253;;
KHULALA STATIONERS;0312086263;;
HARDEKWAS BK;0287541180;;
CNA;0234144618;;
IMPRESSION MANAGEMENT (PTY) LTD;0317771222;kerry@impression.co.za;
LATHITHA INVESTMENTS;0765237503;;
3 @ 1 KEMPTON PARK;0125490667;won@3at1.co.za;
VRYBURG STATIONERS AND BOOKSELLERS CC;0539271329;;
C AND M HYDRAULIC SERVICES:AFTER HOURS;0419331543;;
P N A (SILVERTON);0128100095;;
KHUTHALA SUPPLIES;0136974471;LEANA1@VODAMAIL.CO.ZA;
GOVENDER;0317025843;;
WALTONS STATIONERY CO (PTY) LT D;0538311971;;
MAKTABA STATIONARY (PTY) LTD;0125431518;;
CNA;0283136119;;
LECTIO PUBLISHERS PTY LTDER;0118692787;;
PNA (BALLITO);0325860206;;
BOUNCE HAIR & BEAUTY;0113933090;;
ELITE PRINT;0834243528;;
LAUREN STATIONERS AND COMPUTER SUPPLIES;0312097060;;
C N A (KNYSNA);0443821433;;
DE BRON GUESTHOUSE;0119183221;debron116@webmail.co.za;
BAROTTI STATIONERS;0184629748;;
BIC SOUTH AFRICA (PTY) LTD;0114740181;;
CAJEE STATIONERS CC;0118301595;;
BOTLHALE COMMUNICATIONS;0538325107;;
UNICOPY CHATSWORTH CENTRE;0314019367;sales@unicopychats.co.za;
SPG MARKETING CONCEPTS CC;0118352570;;
PARKES STATIONERS;0313046994;;
SILVERAY STATNARK;0413918600;;
PRINT MORE STATIONERY CC;0236141838;;
GRAFFITI SKRYFTEBEHOEFTES & GESKENKE;0588632733;;
ENVELOPES ETC;0118285780;;
PENFLEX (PTY) LTD;0215552119;penfadmin@penflex.co.za;
FEATHER BROOK;0116621410;;
EAGLE STATIONERS AND COMPUTER SUPPLIERS CC;0315791336;;
EKHAYA STATIONERS;0572126546;ekhayastationers@ekhayagroup.co.za;
MONT BLANC;0214215015;mbcapetown@montblac.co.za;
KEN'S STATIONERY & COMPUTER CC;0829011739;;
EXPRESS COMPUTER AND OFFICE SUPPLIES CC;0873518370;expresscom@mweb.co.za;
SCRIPMATE OFFICE NATIONAL;0113933027;;
P N A (WONDERBOOM);0125431512;wonderboom@pnaonline.co.za;
MR PRICE GROUP SYSTEM DIVISION;0437263914;;
SILVERAY STATIONERY CO (PTY) LTD;0314622081;info@silveray.co.za;
DATA INN CC;0152911727;;
UHIQUE BUSINESS SOLUTIONS;0100010618;;
SHARNEZ TRADING CC;;;
TEH CRAZY STORE ADO MELBRO RETAIL (PTY)LTD;0227131113;;
MEL'S STATIONERS;0215774668;;
MEGAPHASE TRADING .COM;0413674840;mark@megaphasetrading.com;
THE CRAZY STORE ADO MELBRO RETAIL (PTY)LTD;0113630683;;
LOVEDAY STATIONERS CC;0116787161;;
BLOEMPAPIER (PTY) LTD;0514364146;;
KGETLENG STATIONERS CC;0145433962;;
COLCO CARTRIDGES;0118222289;;
LECTIO PUBLISHERS PTY LTDER;0118692787;;
BLUE DOT PROPERTIES;0114694285;;
STATIONERY WORLD;0114023867;;
LE PROF SERVICES ENTERPRISES CC;0216969055;;
MUNMAC TRADING 32;0123205521;munmactrading32@webmail.co.za;
FUTURE STATIONERY;0215525589;;
BAT SUPPLIES & PROJECTS CC;0118691430;;
HORTORS STATIONERY (PTY) LTD;0116159806;;
GROCOTT'S PRINT;0466227222;;
F H D BOOKSELLERS AND STATIONERS;0219826126;fhd@telkomsa.net;
MAHLASEDI WOMEN ENTERPRISES;0128069370;;
BARTIN'S STATIONERY SUPPLIERS;0215595532;sales@bartinstationery.co.za;
OFFICE NATIONAL (MATATIELE);0397374310;;
WALTONS STATIONERY CO (PTY) LTD;0283122625;;
ACE STATIONERY AND BOOKSELLERS;0219350924;;
TOWER CITY TRADING 323;0573576439;;
C N A;0319032479;;
NASMO TRADING CC;;;
SEOPANE SERVICE PROVIDER & SUPPLIERS;0152233951;;
PENTEL SA (PTY) LTD;0413654080;;
REAGONA STATIONERY SUPPLIES CC;0125476415;;
PNA (BALLITO);0325860206;;
CENTRE LINE STATIONERY & DRAWING OFFICE SUPPLIES;0117444272;betazoid@mweb.co.za;
HARRISMITH GALVINISING & STEEL;0586232765;;
CARDIES;0152651152;;
P N A (WONDERBOOM);0125431512;wonderboom@pnaonline.co.za;
MDIO SOFTWARE CC;0118042091;;
PRECIS ADVISORS;0219307455;;
EMANZINI BOOKS ANS STATIONARY CC;0123295352;;
JACK AND JILL MULTI-MEDIA STATIONS;0123463866;sales@jackandjillint.com;
Castle Paper Rolls;0215550548;sylvia@ccs-consumables.co.za;
CRONJE;0125463354;;
ISITHWALANDWE GENERAL TRADING CC;0437222324;;
M'DU TRADING;725031480;mdutrading@webmail.co.za;
SALEM BOEKKAMER;0140003701;;
SCOTTBURGH STATIONERS;0399782005;vandermerwepetro16@gmail.com;
FORUM STATIONERY;0125463092;;
V P M INDUSTRIAL AND LOGISTICS CC;0119018560;vpmlogistics@gmail.com;
GLOBAL OFIICE SUPPLIES CC;0116160293;;
ST ANDREWS OFFICE SUPPLIES CC;0118121231;;
SEDIBA PRINTERS AND STATIONERS;0729829517;sediba@internext.co.za;
LWAZI BOOKSELLERS AND STATIONERS;0213723161;;
CIABATTA STATIONERS AND SAFETY WEAR;;;
FAIR WEATHER TRADING 521 CC;0533130462;;
IRO GEE;0537731839;;
G D S STATIONERS CC;0118731253;;
KEY STATIONERS;0215106922;trevor@keystat.co.za;
FORMPROPS 66 (PTY) LTD;0114961740;formprop@mweb.co.za;
PRESHEN'S PRINTERS CC;0314015625;padamr@mweb.co.za;
BHAMJEE'S STATIONERY & GIFTS;0118546092;;
CHURCH SQUARE OFFICE NATIONAL;0215930125;;
FRIEDSHELF 969 (PTY) LTD;0118852004;info@mmptech.co.za;
ERT BOOK STATIONERY;0183812105;;
HI WATT CC;0119723807;;
JABATHA PAPER & STATIONERY;0317027076;;
OFFICEMART (PTY) LTD;0123420626;;
VALUE CORP CC;0324591229;;
SOLU EDUCATIONAL SERVICES;0213612266;;
FOLIO STATIONERY DISTRIBUTORS (PTY) LTD;0126441949;;
BLOEMPAPIER (PTY) LTD;0514364146;;
WAPTRONICS CC;0118922182;;
BARGAIN BOOKS;0126681083;;
COLUMBORG BOOKS & STATIONERS (PTY) LTD;0117913267;;
SCRIPMATE OFFICE NATIONAL;0113933027;;
WALTONS STATIONERY CO (PTY) LTD;0218555819;;
RNA KOPANONG STATIONERS (PTY) LTD;0127110117;;
P N A BETHAL STATIONERS;0176471991;secpna@bzk.co.za;
THE STATIONERS AND COMPUTER SHOP;0437268425;;
PNA (SINOVILLE);0125673375;;
ECLIPSE STATIONERS;0118380681;;
OFFICE WORLD;0514035560;pz@officeworld.co.za;
KSA SECURITY;0332632233;;
PHOENIX PARADIGM CC;0317024032;;
KETHUKTHULA OFFICE SOLUTIONS;0726096940;kethukthula@webmail.co.za;
RIVER END TRADING 390;;;
KWIK PRINTING (PTY) LTD;0116140737;;
T & M STATIONERY SUPPLIES;0419662235;;
MALESHANE'S TRADING SERVICES;0822235070;maleshanekgoe@yahoo.com;
MCGREGOR AND MUSGROVE;0114753762;statden@icon.co.za;
PAPER@WORK;0446966631;paper008@telkomsa.net;
PAPER PALS;0118143742;;
MICROLIGHT TRADING AND PROJECTS;0791691959;;
HI-TECH STATIONERY SUPPLIES;0119171950;hitech@telkomsa.net;
SLATER COAL (PTY) LTD;0342182613;;
ALLIED STATIONERS;0116084061;;
MILLER;0218562856;;
JACK AND JILL MULTI-MEDIA STATIONS;0123463866;sales@jackandjillint.com;
PRESHEN'S PRINTERS CC;0314015625;padamr@mweb.co.za;
CARDINAL STATIONERS CC;0113393595;;
THE INKPOT;0145973164;;
MACROTURN STATIONERS;0119002225;;
UHIQUE BUSINESS SOLUTIONS;0100010618;;
ZWELETHU BOOKSELLERS & STATIONERS;0829545396;;
GREEN BROOKS CC;0475322744;;
MAPULANE STATIONERY AND BOOKS;0543311431;;
IPOPENG STATIONERY CC;0514303118;adri@ipopengfs.co.za;
CABLE NETWORK SPECIALISTS (PTY) LTD;;;
SEOPANE SERVICE PROVIDER & SUPPLIERS;0152233951;;
PRETORIA WHOLESALE STATIONERS (PTY) LTD;0125231000;;
LAUREN STATIONERS AND COMPUTER SUPPLIES;0312097060;;
ARINA BAGS CC;0123300111;;
D N S OFFICE NATIONAL;0399760555;bstrydom@dnss.co.za;
MNA STATIONERY;0186421300;;
MDIO SOFTWARE CC;0116567198;;
S O S SCHOOL & OFFICE SUPPLIES CC;0123290709;;
CHILIZA;0315024497;;
SUNRAY STATIONERS AND BOOKSELLERS;0313033490;;
CNA;0117703881;customerrelations@edcon.co.za,cnainfo@edcon.co.za;
ISITHWALANDWE GENERAL TRADING CC;0437222324;;
HLANGANANI EZWENI TRADING & PROJECTS;0114724213;admin1@hlangananiezweni.com;
AFRICA OFFICE SUPPLIES;0118571383;;
STATUS FORMS CC;0114723775;;
NOBLE NOTIONS;0733664107;;
CNA STORES;0132449652;;
DRAWQUIP;0573525345;;
SSSS & P UNLIMITED;0317851281;;
PRECISION STATIONERS;0338462297;pranesh@precisionstationers.co.za;
SPACETEK WORX CC;0127515777;sales@spacetek.co.za;
STATIONERY WORLD;0114023867;;
P N A (TZANEEN);0153072049;info@pnatzaneen.co.za;
ACE SIGNS;0333420087;acepmb@telkomsa.net;
ALLIED STATIONERS;0116084061;;
FS HANEKOM SKRYFBEHOEFTES BK;0122526323;;
RNA KOPANONG STATIONERS (PTY) LTD;0127110117;;
FOLIO SKRYFBEHOEFTES (EDMS) BPK;0123260003;;
RIDAMA STATIONERS CC;0117683935;;
IMPRESSION AGENCIES;0219458301;nontobekomavume@gmail.com;
GERMISTON STATIONERS CC;;;
GREEN BROOKS CC;0475311160;;
TEH CRAZY STORE ADO MELBRO RETAIL (PTY)LTD;0227131113;;
VUKANI CORPORATE STATIONERS;0437411186;;
@ OFFICE WORLD;0169319257;ronel@officeworld.co.za;
ABM OFFICE NATIONAL;0466224611;MANAGER@ABMON.CO.ZA;
PNA (DORINGKLOOF);0126674414;;
LE CRAYON CC;0117932378;;
CNA;0124607420;;
KLOOF STATIONERS;0317023955;info@kloofstationers.co.za;
LIPPY'S IN TOUCH STATIONERS;0114400568;;
RABADA BUSINESS ENTERPRISES;0114301898;;
RAUTEN SERVICES;0514462402;;
MULTIPOST PORT ELIZABETH;0814636524;hunters@multipest.co.za;
IRO GEE;0537731839;;
MNA STATIONERY;0186421300;;
TRI-TECH TONER AND INK;0742727556;;
THE STATIONERS AND COMPUTER SHOP;0437268425;;
JACK AND JILL MULTI-MEDIA STATIONS;0123463866;sales@jackandjillint.com;
KWIK PRINTING (PTY) LTD;0116140737;;
T & M STATIONERY SUPPLIES;0419662235;;
STATIONERY & DISPLAY SERVICE;0118382879;;
TRANSVAAL STATIONERS (PTY) LTD;0118252942;;
SCOTTBURGH STATIONERS;0399782005;vandermerwepetro16@gmail.com;
GILL'S STATIONERS;0337011131;;
R O S OFFICE SUPPLIES CC;0114538613;;
ALPHA STATIONERS;0437262507;;
C N A:LYNNWOOD 40 PICK 'N PAY CNTR LYNNWOOD RD;0123612856;;
Z T STATIONERS & BOOKSELLERS;0354742639;;
FREEDOM STATIONERY (PTY) LTD;0324563646;;
P N A (BRACKENFELL);0219810526;;
BONDSTICK CC;0215350056;anthony@bondstick.com;
RT STATIONERY;0514462402;;
SIGNMAX;0833755780;;
WALTONS STATIONERY CO (PTY) LTD;0214489135;;
STATLAND STATIONERY SUPPLIES;0829729883;;
NEW STYLE STATIONERY;0572127333;;
EDCON LIMITED;;;
P N A FEATHER BROOK;0119580499;;
VINTAGE;0114354018;;
STATPACK TRADING (PTY) LTD;0114771634;statpack@nashuaisp.co.za;
WINO STATIONERS CC;0123428135;;
FIRST STATIONERY & PRINTING SUPPLIES;0114524732;;
UNATHI STATIONERS;0313047124;;
NIEU SCRIPT BK;0287132058;;
SEOPANE SERVICE PROVIDER & SUPPLIERS;0152233951;;
MR PRICE GROUP SYSTEM DIVISION;0832634329;;
CNA (WELKOM);0573527309;;
FEATHER BROOK;0116621410;;
ALAIDA CONTRACTING AGENCY CC;0314687906;rene@alaida.co.za;
MR PRICE GROUP SYSTEM DIVISION;0218591707;;
SIEGEWERK SOUTH AFRICA [EDMS] BPK;0114530582;;
PNP (RUSTENBURG);0145972008;;
IPOPENG OFFICE SUPPLIERS CC;0514303118;admin@ipopengfs.co.za;
CORPORATE CONSUMABLES;;;
READIRA PRINTERS;0123208214;thulani@readiraprinters.co.za;
JOINT FORCE SECURITY CLEANING AND CATERING SERVICES CC;0448840928;;
CNA FOURWAYS;0115495305;;
STANDARD STATIONERY CC;;;
MY SCHOOL STATIONARY;;;
NATIONAL STATIONERY CC;0116141183;;
WRITE SPOT THE;0114622939;;
GROW MAKHOSIKATI TRADING CC;0137525491;;
NAZIPASI STATIONERS;0478740012;;
CRAZY STORE;0366313631;;
PAPER TRAIL;0835568665;papertrai@absamail.com;
PNS (HAZELDENE);0128094028;;
FORMS MEDIA INDEPENDENT (AFRICA) (PTY) LTD;0136901130;;
MIDWAY STATIONERS & OFFICE SUPPLIES;0125481281;;
BOSOGA OFFICE SUPPLIERS CC;0112164000;;
S A RUBBER STAMP CC;0731842413;sarstamp@telkomsa.net;
ARINA BAGS CC;0123323816;;
GOITHUTA TRADING CC;0110264692;;
STEVENS STATIONERS;0319037540;stev@dbn.stormnet.co.za;
DALEENS'S STATIONERY;0118274814;daleencilliers@live.co.za;
C N A;0448033600;;
VINTAGE;0114354018;;
CELGLADE INVESTMENTS (PTY) LTD;0437220671;;
RESIDON PROJECTS;0113319742;;
MEDIONS SKRYFBEHOEFTES;0514472519;;
BAJUMO PROJECTS (PTY) LTD;0118593006;keletso@gmail.co.za;
HENTIQ 2560 PTY LTD;0314631064;;
BLAQUE CHERRIE GIFTS AND STATIONERY SUPPLIES;0114322853;mbali@blaquecherrie.co.za;
MR PRICE GROUP SYSTEM DIVISION;0835554286;;
STANDS STATIONERY;0514917862;SALES@STAMPRINT.CO.ZA,SALES@STAMPRINT.CO.ZA;
GRAFFITI SKRYFTEBEHOEFTES & GESKENKE;0588632733;;
MULTI PAPER INDUSTRIES;0114852875;mwmpi@mweb.co.za;
TYPE WRITE STATIONERS (PTY) LTD;0114938634;;
P N A (BRACKENFELL);0219810526;;
NATIONAL OFFICE SUPPLIERS PTY LTD CC;0313062732;;
ISIBINDI STATIONERS (PTY) LTD;0313046660;;
NMABO STATIONERY PRINTING & OFFICE SUPPLIES;0123206604;;
DE BRON GUESTHOUSE;0119183221;debron116@webmail.co.za;
UNIQUE PAPER CC;0123773309;;
UITKYK STATIONERS;0128049381;wilma@uitkyksryfbehoeftes.co.za;
4 WAYS STATIONERS CC;0114672008;;
ABCO STATIONERS;0312071521;abco@abcostat.co.za;
JOSHUA AGENCIES CC;0313047113;;
GREEN BROOKS CC;0475310960;;
CHURCH SQUARE OFFICE NATIONAL;0215930125;;
MR PRICE GROUP SYSTEM DIVISION;0313108122;;
MR PRICE GROUP SYSTEM DIVISION;0834470204;;
TOR ENTERPRISES (PTY) LTD;0152913894;;
STIPEC;0116822232;tobby's@absamail.co.za;
UNATHI STATIONERS CC;;;
ARINA BAGS CC;0129982448;;
KURUMAN BOEKSENTRUM BK;0537121372;;
CASTLEDEX BUSINESS SYSTEMS CC;0114920142;;
THE CRAZY STORE ADO MELBRO RETAIL (PTY)LTD;0123488100;;
ALL INKS;0114744237;;
STEVENS STATIONERS;0319037540;stev@dbn.stormnet.co.za;
SALSAR STATIONERS CC;0313013144;;
GRENSIES PETITE DAGSORGSENTRUM;0437229278;;
ART BOOK CENTRE;0118835300;;
ICA OFFICE NATIONAL;0132441387;;
IMPERILOG HOLDINGS(PTY)LTD;0414538645;;
UNICOPY CHATSWORTH CENTRE;0314019367;sales@unicopychats.co.za;
UHIQUE BUSINESS SOLUTIONS;0100010618;;
SPACE STATION INTERIORS CC;0117838243;;
JABATHA PAPER AND STATIONERY CC;0113346297;;
GREAT BRIDGE LOGISTICS;0314046725;;
INK WELL;0448840278;;
ALPHA STATIONERS;0437262507;;
ABM OFFICE NATIONAL;0466224611;MANAGER@ABMON.CO.ZA;
EKHAYA STATIONERS;0572126546;ekhayastationers@ekhayagroup.co.za;
C N A;0123481474;;
TAKALANI STATIONERS;0136973677;;
EMANZINI BOOKS & STATIONERY;0123222992;;
EDCON LIMITED;0114917761;;
MUDIX BUSINESS ENTERPRISE;0159620641;;
SMP STATIONERS & SUPPLIERS (PTY) LTD;0182930655;;
3@1;0218630726;paarl@3at1.co.za;
C N A;0448033600;;
ISIHLOBO STATIONERS CC;0317005256;;
OFFICE NATIONAL (MATATIELE);0397374310;;
J AND T TRADING;;;
GFA PROJECT & PROPERTY SERVICES CC;0114524693;;
THIS DAY MEDIA;0448710469;;
PNA (BYANSTON);0117068992;;
PAPER PLACE;0398341071;;
CNA;0283136119;;
WEST EX TECH SYSTEMS;0119542994;;
SCRIBBLE AND SKRYF;0147365537;;
HOPE STATIONERY AND INTERNET CAFE;0118451586;;
4 KEEP SAKE PAPER CRAFT BOUTIQUE;0137413666;4keepsakenels@gmail.com;
CR DU TOIT CC;0113912548;;
REEF STATIONERS CC;0113921127;;
ZAMANGUNI AUTOMATION (PTY) LTD;0113260460;;
EXECUTIVE OFFICE SUPPLIES;0183815123;;
NMABO STATIONERY-PRINTING AND OFFICE SUPPLIES;0123264325;;
PENTEL SA (PTY) LTD;0215569302;capetown@pentel.co.za;
WILLIAMS PRINTING & STATIONERY (PTY) LTD;0836007245;;
FREEDOM STATIONERY (PTY) LTD;0219316247;;
VAN SON INKS & GRAPHICS;0118300411;admin@vanson.co.za;
SEOPANE SERVICE PROVIDERS AND SUPPLIERS;0152233661;;
NAZIPASI STATIONERS;0478740012;;
STIPEC;0116822232;tobby's@absamail.co.za;
MEL'S STATIONERS;0215774668;;
EXCLUSIVE BOOKS MENLYN;0123616188;socialmedia@exclusives.co.za;
UMHLANGA STATIONERS;0315614030;;
P N A (KLERKSDORP);0184620730;;
MONT BLANC;0214215015;mbcapetown@montblac.co.za;
CASTLEDEX BUSINESS SYSTEMS CC;0114920142;;
MARMIC TRADING SIX CC;0569310909;;
BARGAIN BOOKS;0126681083;;
IMBEWU BUSINESS TECHNOLOGIES;0117818002;info@imbewutoshiba.co.za;
GARFIELD'S;0534740119;;
A 2 Z STATIONERS;0218873570;;
DE KLEINE SKATKIS;0227141593;;
MANUFACTURES OF FURNITURE;0519241058;school.officeconcepts@gmail.com;
TYPO CRADLESTONE SHOP;0116621184;;
PRINA STATIONERIES CC;0315027988;;
RIVER END TRADING 390;;;
GREENLYN STATIONERS CC;0124608574;;
MASIQHAME TRADING 262 CC;0219112459;;
L S M STATIONERS;0357897351;;
EDUNATION EDUCATIONAL PRODUCTS AND TOYS CC;0514465075;info@edunation.co.za;
COLCO CARTRIDGES;0118222289;;
TOP GEAR STATIONERS;0117941410;;
BARGAIN BOOKS;0114328798;customerservice@bargainbooks.co.za;
FINWOOD PAPER (PTY)LTD;0152920275;;
ALEO OFFICE NATIONAL;0119022741;info@aleo.co.za;
ALAIDA CONTRACTING AGENCY CC;0314687906;rene@alaida.co.za;
CNA PAARL MALL;0218635723;customerrelations@edcon.co.za;
JP & S STATIONERS CC;0215100029;;
STATIONARY SHOP THE;0164233424;;
SIGNMAX;0833755780;;
BIDVEST WALTONS;0216713123;mgeland@capewaltons.co.za;
DATAMASTER OFFICE SUPPLIES;;;
GRENSIES PETITE DAGSORGSENTRUM;0437229278;;
PHAMBILI STATIONERS;0313011165;;
CHIMEZIE;0116808609;;
TUMELO STATIONERY;0534740812;;
STATIONERY TODAY;0114405352;;
MARANATHA BOOKSELLERS & STATIONERY;0219490842;;
SILVER SOLUTIONS 2092 CC;0780535355;silver.solutions23@gmail.com;
FEATHER BROOK;0116621410;;
THE CRAZY STORE - SOUTH COAST MALL;0123318888;;
PRETORIA WHOLESALE STATIONERS (PTY) LTD;0125231000;;
ESIZWE TECHNOLOGY;;;
PAPER PALS;0118143742;;
MIDWAY STATIONERS & OFFICE SUPPLIES;0125481281;;
JACKSON;0583032309;;
COLUMBORG BOOKS & STATIONERS (PTY) LTD;0117913267;;
UMNDENI STATIONERY CC;0118556444;;
PNA STATIONERS (SUNNINGDALE);0215545486;westcoast@pnaonline.co.za;
PICK AND LEARN STATIONERY CC;0159623320;;
CAN-NOR BUSINESS SERVICES;0329460369;admin@can-nor.co.za;
BUSINESS BASICS;0132970246;;
GERMISTON STATIONERS CC;;;
LIBERTY STATIONERS CC;0126667040;;
JONROD (PTY) LTD;0116204446;;
SOLUTION WORX (PTY)LTD;0123461523;;
P N A STATIONERY CO (PTY) LTD;0112340071;;
C N A;0319032479;;
X-CLUSIVE SKRYFBEHOEFDES;0534330735;;
NADS STATIONERS;0114036489;;
C AND F PRINTERS CC;0132352602;;
MULTI PAPER INDUSTRIES;0114852875;mwmpi@mweb.co.za;
MICROLIGHT TRADING AND PROJECTS;0791691959;;
SCRIPMATE OFFICE NATIONAL;0113933027;;
BRUNT RETAIL SOLUTIONS CC;0311764641;;
4 KEEP SAKE PAPER CRAFT BOUTIQUE;0137413666;4keepsakenels@gmail.com;
VIC'S STATIONERS;0114523037;;
STUART & MARKS DRAUGHTING EQUIPMENT CC;0215912444;rose@wirelessza.co.za;
HENJO STATIONERS CC;0114637936;;
PHAMBILI STATIONERS;0313011165;;
PHOENIX PARADIGM CC;0317024032;;
STATUS FORMS CC;0114723775;;
ALWEN OFFICE SUPPLIES;0219337449;;
MOHOKARE STORE CC;0519332466;;
PEO SOLUTIONS CC;0214251122;info@peosolutions.co.za;
ACCESS OFFICE NATIONAL (TOKAI);0217013141;;
KGETLENG STATIONERS CC;0145433962;;
PAULSER STATIONERS & OFFICE SUPPLIES CC;0113332221;;
PHAMA STATIONERY AND OFFICE EQUIPMENT;0153031362;;
KAROO BOEKHANDEL CC;0488813028;;
ANB STATIONERS;0413606007;;
TYPE WRITE STATIONERS (PTY) LTD;0114938634;;
C N A;0329460417;;
VIC'S STATIONERS;0114523037;;
CHEKKAT AGENCIES CC;;;
CAMPO MARZIO;0614908827;joburg@campomarzio.co.za;
JACK AND JILL MULTI-MEDIA STATIONS;0123463866;sales@jackandjillint.com;
DATA INN CC;0152911727;;
CRAZY COPIES AND STATIONERY;0126603626;;
ALWEN OFFICE SUPPLIES;0219337449;;
MR PRICE GROUP SYSTEM DIVISION;0137422176;;
SUPERB PRINTING & PAPER SUPPLIES;0119001656;;
MR PRICE GROUP SYSTEM DIVISION;0834470204;;
C N A STELLENBOSCH;0218870218;;
PLATINUM HOBBY X;;;
PRINT-INN;0219497135;;
BRONKHORST;0218520930;;
MEDIA MATERIALS (PTY) LTD;0119002725;;
HOPE STATIONERY AND INTERNET CAFE;0118451586;;
KLEIN KAROO SKRYFBEHOEFTES;0767674475;;
FULAT PLASTICS;0114444467;fulats@gmail.com;
ALSTAT STATIONERS AND COMPUTER SUPPLIES;0315009429;;
R T V STATIONERS AND OFFICE SUPPLIES CC;0314049185;;
PROJECTOR TECHNOLOGY;0116403851;;
BAROTTI STATIONERS DURBAN;0312668187;;
IMPRESSION MANAGEMENT (PTY) LTD;0317771222;kerry@impression.co.za;
ONE NATION BOOKSELLERS;0392531275;mkhwenkwanatrade@gmail.com;
OFFICE WORLD;0514035560;pz@officeworld.co.za;
EXECUTIVE OFFICE SUPPLIES;0183815123;;
ALL ABOUT STATIONERY;0844587345;kerryvdh@yebo.co.za;
MAGIC TOUCH CC;0153072692;;
UHIQUE BUSINESS SOLUTIONS;0100010618;;
MPUMALANGA STATIONERY & OFFICE FURNITURE;0137554053;;
PROMINENT INTERNET CAFE;0132318249;prominentinternetcafe@telkomsa.net;
VIVS INDUSTRIAL SUPPLIES & DISTRIBUTORS;0123704775;vivsind@gmail.com;
STANLEY'S OFFICE SUPPLIES CC;0312621011;;
KUTU STATIONERS;0112343171;sales@kutustationers.co.za;
MARTESS STATIONERY & GIFT;0118277802;;
JACKSON;0583032309;;
EMANZINI BOOKS & STATIONERY;0123222992;;
LWAZI BOOKSELLERS AND STATIONERS;0213723161;;
NDLELENDE TRADING CC;0315121234;;
ABANTU STATIONERS CC;0132462584;;
RIDDLE INVESTMENTS CC;0437438917;;
UMNDENI STATIONARY CC LTD;0118556444;;
SALSAR STATIONERS CC;0313013144;;
MILLER;0218562856;;
DART STATIONERS;0219480550;;
BHAMJEE'S STATIONERY & GIFTS;0118546092;;
LENASIA STATIONERY;0118546092;;
SOL STATIONERS;0116148222;;
GREENLYN STATIONERS CC;0124608574;;
META PRODUCTIONS;0118877105;;
TOWER CITY TRADING 323;0573576439;;
KYLAN SUPPLIES (PTY) LTD;0113921287;;
CHETTY;0215927898;;
CNA (WELKOM);0573527309;;
PNA (BALLITO);0325860206;;
FINWOOD PAPER (PTY)LTD;0152920275;;
BARGAIN BOOKS;0317652940;;
BEST OFFICE & STATIONERY SUPPLY CC;0116791127;;
PRECIS ADVISORS;0219307455;;
READIRA PRINTERS;0123208214;thulani@readiraprinters.co.za;
STATLAND STATIONERY SUPPLIES;0829729883;;
PRESHEN'S PRINTERS CC;0314015625;padamr@mweb.co.za;
ECLIPSE STATIONERS;0118380681;;
TYPO CRADLESTONE SHOP;0116621184;;
THE INKPOT;0145973164;;
ATLEGA STATIONERS CC;0125430485;;
MBOVU INVESTMENTS;0731618790;inbubu@webmail.co.za;
MASIQHAME TRADING 262 CC;0219112459;;
MAPULANE STATIONERY AND BOOKS;0543311431;;
NATIONAL STATIONERY CC;0315382500;;
ST ANDREWS OFFICE SUPPLIES CC;0118121231;;
RASHAD STATIONERY SOLUTIONS;0118520461;;
FEATHER BROOK;0116621410;;
PEN STATIONERS THE;0514462402;;
PAPER@WORK;0446966631;paper008@telkomsa.net;
ASHIE'S OFFICE SUPPLIES;0118375056;;
CARTRIDGE CAVE;0114726819;florida@cartridgecave.co.za;
ARROW STATIONERS CC;0118492702;;
BAROTTI STATIONERS;0184629748;;
WATTERS STATIONERY CC;0112344182;info@wattersstationery.co.za;
CORPORATE CONSUMABLES;;;
BALFIN OFFICE SUPPLIES CC;0833728826;;
MR PRICE GROUP SYSTEM DIVISION;0125430260;;
CANNON PRINTERS & STATIONERS;0312075208;;
PHAMBILI STATIONERS;0313011165;;
STANDARD STATIONERY CC;;;
THINK INK;0152956226;SALES@THINK-INK.CO.ZA;
CENTRAL CHRISTIAN BOOKS & STATIONERY;0437424740;;
TOPGEAR STATIONERS;117941410;RYAN@TOPGEARSTATIONERS.CO.ZA;
J & B STATIONERS & PRINTERS;0123272379;;
P N A (HEATHWAY);0114767007;;
PRINT MORE STATIONERY CC;0236141838;;
VAAL OFFICE SUPPLIES CC;0169764691;;
ALGOA BAY STATIONERS CC;0413681922;;
NDLOVU STATIONERS;0343122004;;
MEYAK OFFICE STATIONERY;0119703392;;
HAYWARD;0413674840;;
STATIONERY WORLD;0114023867;;
FORMS MEDIA INDEPENDENT (AFRICA) (PTY) LTD;0136901130;;
NYEKO PRINTING AND OFFICE SUPPLIES;0118321457;;
BLUE DOT STATIONERY;0114554277;bluedot@icon.co.za;
LWAZI BOOKSELLERS AND STATIONERS;0213723161;;
REDFERN PRINT SERVICES;0860052235;;
PNA CAPEGATE SHOPPING CENTRE;0219810787;pnacapegate@mweb.co.za;
COTTON ON;0218526427;;
SPEC SIGNS;0413917105;elrida@specfitters.co.za;
VAAL STATIONERS (PTY) LTD;0164220914;;
MONOGRAPHIX;0118496941;monographix@telkomsa.net;
MASIFUNDISANE AGRICULTURAL SERVICES CC;0123262215;;
ISITHWALANDWE GENERAL TRADING CC;0437222324;;
A Z FILES & STATIONERS CC;0217970434;;
NOBLE NOTIONS;0733664107;;
RESIDON PROJECTS;;;
CNA;0113062331;;
CNA (WELKOM);0573527309;;
PRODUCTIVITY SOLUTIONS;0110796878;;
FULAT PLASTICS;0114444467;fulats@gmail.com;
COLUMBORG BOOKS & STATIONERS (PTY) LTD;0117913267;;
FATHER & SON STATIONERY SUPPLIES;0219305310;;
HOUT BAY OFFICE NATIONAL;0217902630;admin@onhb.co.za;
THE STATIONERS AND COMPUTER SHOP;0437268425;;
N O D NOMHLE OFFICE DEPOT IT CONSUMABLES;0136901298;;
PENTEL SA (PTY) LTD;0215569302;capetown@pentel.co.za;
RIVER END TRADING 390;;;
SIGN AND DESIGN;0117946787;sign.design@telkomsa.net;
MOSSELBAY OFFICE NATIONAL;0446903915;;
WESTERN COMPUTER SUPPLIES CC;0116745040;;
PEN 'N PENCIL;0437425161;0437425161@efg.co.za;
MASIQHAME TRADING 262 CC;0219112459;;
EAST RAND STATIONERY;0825580892;ezellek@vodamail.co.za;
EXCLUSIVE BOOKS MENLYN;0123616188;socialmedia@exclusives.co.za;
AVATORIA STATIONERS CC;;;
DRAWQUIP;0573525345;;
SSSS & P UNLIMITED;0317851281;;
HI WATT CC;0114222009;;
3 @ 1 POSTAL BUSINESS COMMUNICATION;0117825736;northcliff@3at1.co.za;
PNA (WAVERLEY);0123324630;pnawav@telkomsa.net;
ARINA BAGS CC;0123300111;;
THE STATIONERY CUPBOARD CC;0211465072;;
CHEKKAT AGENCIES CC;;;
MUDIX BUSINESS ENTERPRISE;0159620641;;
CADLAND MARKETING CC;0114540870;;
READIRA PRINTERS;0123208214;thulani@readiraprinters.co.za;
DATAMASTER OFFICE SUPPLIES;;;
3 @ 1 KEMPTON PARK;0125490667;won@3at1.co.za;
WYNICA STATIONERS;0215585113;wynica@mweb.co.za;
TIME STATIONERS (WYNBERG) (PTY) LTD;0118879268;;
ODDS & ENDS;0419227559;;
D J S GROUP;0861115392;;
LOVEDAY WHOLESALE STATIONERS (BRUSSEL) (PTY) LTD;0116787161;;
CASTLE WALK STATIONERS;0123471676;;
C N A:HATFIELD PLAZA (34) BURNETT ST;0123625784;;
PRAKASH AND SONS CC;0313010535;;
CARDIES (CRESTA);0116784223;;
KGETLENG STATIONERS CC;0145433962;;
WAPTRONICS CC;0118922182;;
C N A;0178263358;;
C N A;0329460417;;
PNA SAVANNAH STATIONERS CC;0152964090;pnasavannah@worldonline.co.za;
FLORIDA PENCIL BAR;0116729564;;
BEST OFFICE & STATIONERY SUPPLY CC;0116791127;;
ARINA BAGS CC;0123323816;;
C N A;0413630757;;
FOLIO SKRYFBEHOEFTES (EDMS) BPK;0123260003;;
ABANTU STATIONERS CC;0132462584;;
ISITHWALANDWE GENERAL TRADING CC;0437222324;;
MEDIONS SKRYFBEHOEFTES;0514472519;;
KHUTHALA SUPPLIERS;0136974475;;
MOSSELBAY OFFICE NATIONAL;0446903915;;
SAUMALO B C M TRADE CC;0113977661;;
MARTESS STATIONERY AND GIFT;0118277802;;
ERT BOOK STATIONERY;0183812105;;
MEL'S STATIONERS;0215774668;;
STATIONERY SHOP THE CC;0219090781;;
CORNEA VERKOPE;0132622925;sales@corneabooks.co.za;
NYEKO PRINTING AND OFFICE SUPPLIES;0118321457;;
EAST RAND MALL STATIONERY AND ART;0118233283;;
NDLELENDE TRADING CC;0315121234;;
ABC STATIONERS;0437261550;;
PNA THE SQUARE @ FARRARMERE;0114253038;liggies@pnaligt.co.za;
STATIONARY SHOP THE;0164233424;;
BIC SOUTH AFRICA (PTY) LTD;0114740181;;
FALLER TRADING ONE C.C;0114255432;;
BOTLHALE COMMUNICATIONS;0538325107;;
A W FABER-CASTELL SA (PTY)LTD;0114341829;;
FALLER TRADING ONE C.C;0114250505;;
MU AND ME;0214471413;;
BUSINESS BASICS;0132970246;;
ASHLEY AND RADMORE;0114749042;;
LION GLAS;0534973311;;
MEL'S STATIONERS;0215774668;;
MR PRICE GROUP SYSTEM DIVISION;0117951263;;
Shamrock Print Cc;0114211232;derek@shamrockprint.co.za;
D J E D J E STATIONERS AND OFFICE SUPPLIES;0282122459;;
PHANDA STATIONERS;0128082449;ckhomeliwa@yahoo.com;
4 KEEP SAKE PAPER CRAFT BOUTIQUE;0137413666;4keepsakenels@gmail.com;
CADLAND MARKETING CC;0114540870;;
H P STATIONERS;0122527333;;
PORT EDWARD STATIONERS;0393112287;;
GINA OF CHARLES STREET;0312660494;;
AVATORIA STATIONERS CC;0822005745;;
TIFLINS TRADING ENTERPRIZES;0112113397;;
KHUTHALA SUPPLIERS;0136974475;;
M C D OFFICE ONLINE;0132821273;hardus@justmcd.com;
P N A STATIONERY CO (PTY) LTD;0112340071;;
IMPERILOG HOLDINGS(PTY)LTD;0415821797;;
EDUNATION EDUCATIONAL PRODUCTS AND TOYS CC;0514465075;info@edunation.co.za;
MJEJE STATIONER CC;0397271049;;
NATIONAL STATIONERY CC;0315382500;;
ERT BOOKS STATIONERY;0183812105;;
MUNREAD CC;0314670867;;
C N A;0163412683;;
PAPER TRAIL;0835568665;papertrai@absamail.com;
HAYWARD;0413674840;;
MIDWAY STATIONERS & OFFICE SUPPLIES;0125481281;;
P N A (WONDERBOOM);0125431512;wonderboom@pnaonline.co.za;
R T V STATIONERS AND OFFICE SUPPLIES CC;0314049185;;
TODAYS STATIONERS;0114748013;;
CLASSROOM SUPPLY STORE CC;0315639198;classroomsupplystore@telkomsa.net;
PNA THE SQUARE @ FARRARMERE;0114253038;liggies@pnaligt.co.za;
A N B SKRYFBEHOEFTES;0139322115;;
DENZO STATIONERY;0842451249;;
LATHITHA INVESTMENTS;0765237503;;
MDC OFFICE SUPPLY AND STATIONERS;0129983661;;
EXECUTIVE OFFICE SUPPLIES;0183815123;;
CNA;0878208512;;
ATLANTIS STATIONERY;0215771414;;
EXCELL CONSUMABLES CC;0216372685;excell@telkomsa.net;
SWEETNESS TRADING ENTERPRISE CC;0784360048;;
SILVERAY STATNARK;0413918600;;
CRAZY STORE;0366313631;;
REDFERN PRINT SERVICES;0860052235;;
FORMAX (PTY) LTD;0315690001;;
ALL ROUND STATIONERS;0163495678;allround@eject.co.za;
TRI-TECH TONER AND INK;0742727556;;
CAN-NOR BUSINESS SERVICES;0329460369;admin@can-nor.co.za;
MOTHER OF THE RAIN TRADING;0123239657;;
FALLER TRADING ONE C.C;0114250505;;
PHUMELELA STATIONERS;0586430810;;
SHARNEZ TRADING CC;;;
VUKANI CORPORATE STATIONERS;0437411186;;
BLAQUE CHERRIE GIFTS AND STATIONERY SUPPLIES;0114322853;mbali@blaquecherrie.co.za;
WESTFORM;0116745040;sales@westform.co.za;
RICHTERSVELD SKRYFBEHOESTES;0278517544;;
NOLIBO EDUCATIONAL SERVICES;0213715588;;
EAST RAND MALL STATIONERY & ART;0118233283;info@stationeryandart.co.za;
ALPHA STATIONERS;0437262507;;
PAULSER STATIONERS & OFFICE SUPPLIES CC;0113332221;;
ZAMANGUNI AUTOMATION CC;0113262843;;
N N P FUNERALS;0716068327;nandpfin@gmail.com;
A V OFFICEWARE CC;0413671364;;
ARROW STATIONERS CC;0118492702;;
IRO GEE;0537731839;;
PITNEY BOWES SA (PTY) LTD;0115169400;Roland@pitneybowes.co.za;
CNA ALBERTON;0119072266;;
GOITHUTA TRADING CC;0110264692;;
STEVENS STATIONERS;0319037540;stev@dbn.stormnet.co.za;
FALLER TRADING ONE C.C;0114255432;;
VARIA;0443431358;;
MAKARAGANA TRADING;0125677759;;
SHARNEZ TRADING CC;;;
ACB STATIONERS CC;0114544356;sales@acbstationers.co.za;
CRAZEE CRAYONS;0217626832;;
ZWELETHU BOOKSELLERS & STATIONERS;0829545396;;
ROYAL STATIONERS AND DISTRIBUTORS;0216332304;;
GLOBAL OFIICE SUPPLIES CC;0116160293;;
J C 'S OFFICE SUPPLIES;0125433869;;
PHAMBILI STATIONERS;0313011100;;
PEN STATIONERS THE;0514462402;;
THE CRAZY STORE - SOUTH COAST MALL;0123318888;;
ALAIDA CONTRACTING AGENCY CC;0314687906;rene@alaida.co.za;
OASIS STATIONERY & PRINT;0117086855;sales@oasis-stationery.co.za;
PRINT FOR LESS COPY CENTRE;0315053582;printforless@telkomsa.net;
DALTON STATIONERS;0335010470;;
PRESTIGE OFFICE NATIONAL;0219769402;;
PRINT ACE CC;0118454322;eddman@iafrica.com;
CLASSROOM SUPPLY STORE CC;0315639198;classroomsupplystore@telkomsa.net;
ALL INKS;0114744237;;
PNP (RUSTENBURG);0145972008;;
PICK AND LEARN STATIONERY CC;0159623320;;
THE STATIONERS AND COMPUTER SHOP;0437268425;;
FABER-CASTELL;0114739800;awong@bantex.co.za;
NATIONAL STATIONERY CC;0116141183;;
CARTRIDGE CORNER;0123762494;sales@afriquelaser.co.za;
TYPO;0116150979;;
SPG MARKETING CONCEPTS CC;0118352570;;
MAGENTA BRAND SOLUTIONS;0313127059;art@magenta.co.za;
NEDBANK:TAKKE:BOXER BRITS SPOORWEGSTRAAT 10;0122629060;;
GAUTENG OFFICE SUPPLIES CC;0116832339;gos@absamail.co.za;
PEN STATIONERS THE;0514462402;;
KAY 2ZE GEE TOURS;0187883337;;
UNI-STAT;0218871266;anthony15@telkomsa.net;
PNA (WAVERLEY);0123324630;pnawav@telkomsa.net;
KAROO BOEKHANDEL CC;0488813028;;
BOOKRITE STATIONERS CENTURION;0126531535;bookrite@webmail.co.za;
BONDSTICK CC;0215350056;anthony@bondstick.com;
THE WRITE SHOPPE;0216837193;thewriteshoppe@telkomsa.net;
TRIPLE J STATIONERS & PRINTERS;0314044988;;
IKUTHEMBISO GENERAL TRADING CC;0119105623;;
THE SCHOOL SHOP;0315774584;;
BAGOKENG SECURITY & PROJECTS;0119858009;rmosikare@webmail.co.za;
PHAMBILI STATIONERS;0313011165;;
MOLOMO'S PRINTING HOUSE;0152978822;admin@molomosprinting.co.za;
WRITE SPOT THE;0114622939;;
OFFICE NATIONAL APPLEBEE;0116841676;;
MAPULANE STATIONERY AND BOOKS;0543311431;;
SABIE STATIONERS;0137642249;;
ABM OFFICE NATIONAL;0466224611;MANAGER@ABMON.CO.ZA;
CRAZY STORE;0366313631;;
NADS STATIONERS;0114036489;;
REXEL OFFICE PRODUCTS (PTY) LTD;0215512983;0215512984@efg.co.za;
PHAMA STATIONERY AND OFFICE EQUIPMENT;0153031362;;
MEYAK OFFICE STATIONERY;0119703392;;
TAKALANI STATIONERS;0136973677;;
OFFICE WORLD;0184624499;roelie@officeworld.co.za;
C N A;0573528826;;
PNA CAPEGATE SHOPPING CENTRE;0219810787;pnacapegate@mweb.co.za;
MAYNARDS OFFICE TECHNOLOGY PTY LTD;0415861146;;
EDCON LIMITED;0114917761;;
PNA THE SQUARE @ FARRARMERE;0114253038;liggies@pnaligt.co.za;
PINOCCHIO SPEELGOED & SKRYFBEHOEFTES;0534562331;;
SEOPANE SERVICE PROVIDERS AND SUPPLIERS;0152233661;;
OFFICE NATIONAL APPLEBEE;0116841676;;
R O S OFFICE SUPPLIES CC;0114538613;;
WEB STATIONERS;0436424387;;
PLATINUM HOBBY X;;;
NATIONAL STATIONERY CC;0315382500;;
CABLE NETWORK SPECIALISTS (PTY) LTD;;;
MAKOKO KHOLOFELO STATIONERY AND OFFICE SUPPLIES;0112617064;;
MIKRO SKRYFBEHOEFTES BK;0116786188;;
WEVO (PTY) LTD;;;
BONDSTICK CC;0215350056;anthony@bondstick.com;
THE STATIONERY CUPBOARD CC;0211465072;;
S.A. GREETINGS CORPORATION (PTY) LTD;0215284040;;
COMSEC STATIONERS;0414873008;;
JOINT FORCE SECURITY CLEANING AND CATERING SERVICES CC;0448840928;;
BATHO BATSHO BAKOPANE PROCUREMENT TRADING CC;0164227927;;
AVATORIA STATIONERS CC;0822005745;;
CHURCH SQUARE OFFICE NATIONAL;0215930125;;
BAMAR STATIONERS;0116229024;;
R O S OFFICE SUPPLIES CC;0114538613;;
TOWER CITY TRADING 323;0573576439;;
PILANE DISTRIBUTORS;0112623361;;
STIPEC;0116822232;tobby's@absamail.co.za;
GAUTENG OFFICE SUPPLIES CC;0116832339;gos@absamail.co.za;
MR PRICE GROUP SYSTEM DIVISION;0123487188;;
ST ANDREWS OFFICE SUPPLIES CC;0118121231;;
HILL STREET STATIONERS;0317091919;;
CONSUMABLES ON TIME;0217052464;ontime@telkomsa.net;
SCRIBBLE AND SKRYF;0147365537;;
C N A;0123481474;;
ACE SIGNS;0333420087;acepmb@telkomsa.net;
VENGALAND;0568176331;;
G D S STATIONERS CC;0118731253;;
CNA;0878208502;info@cna.co.za;
ADAMS BOOKSHOP;0313194361;greg@adamsbook.co.za;
EDCON LIMITED;;;
PEN STATION;0125469390;;
P A STATIONERS (EDMS) BPK;0543313085;;
MR PRICE GROUP SYSTEM DIVISION;0236266796;;
MASIFUNDISANE AGRICULTURAL SERVICES CC;0123262215;;
ALWEN OFFICE SUPPLIES;0219337449;;
MITCHELL G AGENCIES;0437437911;0437436030@efg.co.za;
SAPHES ENTERPRISES CC;0126668516;;
CONTRACT STATIONERY SUPPLIES (PTY) LTD;;;
WESTFORM;0116745040;sales@westform.co.za;
KGETLENG STATIONERS CC;0145433962;;
TOP GEAR STATIONERS;0117941410;;
ESIZWE TECHNOLOGY;;;
KAY 2ZE GEE TOURS;0187883337;;
TROLLIP;0118022856;;
REXEL OFFICE PRODUCTS;0313057077;rexelsale@astronet.co.za;
BROADACRES STATIONERY AND BOOKS;0848526756;;
VENGALAND;0568176331;;
MDIO SOFTWARE CC;0116567198;;
IPOPENG OFFICE SUPPLIERS CC;0514303118;admin@ipopengfs.co.za;
PRESHEN'S PRINTERS CC;0314015625;padamr@mweb.co.za;
ABCO STATIONERS;0312071521;abco@abcostat.co.za;
P N A KROONSTAD;0562132488;;
TP,KHIBA;0113338727;;
CENTRAL CHRISTIAN BOOKS & STATIONERY;0437424740;;
OASIS STATIONERS CC;0329454140;krubenr@worldonline.co.za;
SOLUTION WORX (PTY)LTD;0123461523;;
MATLAFATSO STATIONERY SUPPLIES;0116204397;;
PNA;0114328338;;
EXECUTIVE OFFICE SUPPLIES;0183815245;;
STANDS STATIONERY;;;
CRAZY STORE THE;0129915555;;
SLATER COAL (PTY) LTD;0342182613;;
M AND H OFFICE EQUIPMENT;0448735277;;
PROFESSIINAL PANEL BEATERS;0114404003;;
TRIPLE J STATIONERS & PRINTERS;0314044988;;
AVATORIA STATIONERS CC;0822005745;;
EDCON LIMITED;;;
THE INKPOT;0145973164;;
STATIONERY DEN;0116750371;statden@icon.co.za;
CNA;0514067520;cnalochlogansm_0100@edcon.co.za;
OAK STATIONERS;0118494374;;
ERT BOOK STATIONERY;0183812105;;
NASMO TRADING CC;;;
GLOBAL OFIICE SUPPLIES CC;0116160293;;
BLOEMPAPIER (PTY) LTD;0514364146;;
CNA;0283136119;;
CRAZY STORE;0366313631;;
RASHAD STATIONERY SOLUTIONS;0118520461;;
LECTIO PUBLISHERS PTY LTDER;0118692787;;
THANDA MINA STATIONERY EQUIP SUPPLIERS PTY LTD;0117944554;;
D J E D J E STATIONERS AND OFFICE SUPPLIES;0282122459;;
PRINT ACE CC;0118454322;eddman@iafrica.com;
BOSOGA OFFICE SUPPLIERS CC;0112164000;;
CLASSROOM SUPPLY STORE CC;0315639198;classroomsupplystore@telkomsa.net;
MDIO SOFTWARE CC;0118671084;;
C N A;0466223923;;
MR PRICE GROUP SYSTEM DIVISION;0125430260;;
PHAMBILI STATIONERS;0313011165;;
PHUMELELA STATIONERS;0586430810;;
CNA (STELLENBOSCH EIKESTAD);0218875838;;
P N A (SILVERTON);0128100095;;
PINOCCHIO SPEELGOED & SKRYFBEHOEFTES;0534562331;;
ATOMIC OFFICE EQUIPMENT;0215102145;agent12@argent.co.za;
IMD STATIONERS CC;0118556172;;
ZAMANGUNI AUTOMATION (PTY) LTD;0538614703;;
ROBBINS STATIONERS & LOCKSMITH;0333304610;;
MASSMART SERVICES (DIV OF MASSTORES PTY LTD);0118035722;;
TOP GEAR STATIONERS;0117941410;;
KURUMAN BOEKSENTRUM BK;0537121372;;
ACE SIGNS;0333420087;acepmb@telkomsa.net;
ROOKS BOOKS & STATIONERY;0218624590;rooksstationaries@polka.co.za;
SCRIPMATE OFFICE NATIONAL;0113933027;;
NMABO STATIONERY PRINTING & OFFICE SUPPLIES;0123206604;;
A N B SKRYFBEHOEFTES;0139322115;;
SALESONLINE CC;0123244010;;
ADAMS BOOKSHOP;0313194361;greg@adamsbook.co.za;
CAN-NOR BUSINESS SERVICES;0329460369;admin@can-nor.co.za;
NZHELELE PRINT IT AND INTERNET CAFE;0158123897;;
ISIHLOBO STATIONERS CC;0317005256;;
TIFLINS TRADING ENTERPRIZES;0112113397;;
CAPMORE STATIONERS;0118022886;videocheck@yahoo.com;
NAIDOO;0118493010;;
WALTONS STATIONERY CO NATAL (PTY) LTD;0315681748;;
SILVER SOLUTIONS 2092 CC;0780535355;silver.solutions23@gmail.com;
PNA;0114328338;;
UMHLANGA STATIONERS;0315614030;;
D D KITS & STATIONERY CC;0312012536;;
STATIONERY WORLD;0114023867;;
PAY 'N PRINT;0187831306;seleisj@telkomsa.net;
SPARTAN STATIONERS CC;0119752439;spartan.stationers@gmail.com;
PRECIS ADVISORS;0219307455;;
FALLER TRADING ONE C.C;0114255432;;
READIRA PRINTERS;0123208214;thulani@readiraprinters.co.za;
FORUM STATIONERY;0125654263;;
PENTEL SOUTH AFRICA (PTY) LTD;0312023413;;
PNA (SINOVILLE);0125673375;;
3 @ 1 KEMPTON PARK;0125490667;won@3at1.co.za;
NMABO STATIONERY-PRINTING AND OFFICE SUPPLIES;0123264325;;
HOUT BAY STATIONERS CC;0217902630;;
PRAKASH AND SONS CC;0313010535;;
C N A;0319032479;;
MASSMART SERVICES (DIV OF MASSTORES PTY LTD);0118034454;;
VALUE CORP CC;0324591229;;
EDCON LIMITED;0123271605;;
C N A;0163412683;;
ESIZWE TECHNOLOGY;;;
U I CAF? & STATIONERY;0114825136;;
SANKOMSI BOOKSELLERS & STATIONERS;0474892250;sakie@hyperlink.co.za;
VERTICAL PRESS CC;0219333737;;
HARRISMITH GALVINISING & STEEL;0586232765;;
THUTHUKANAWE TRADING ENTERPRISE CC;0325860075;ndlela@thuthukanawe.co.za;
DE KLEINE SKATKIS;0227141593;;
C N A;0466223923;;
GLADILE HOLDINGS;0739861718;ayanda.gladile@gmail.com;
BARTIN'S STATIONERY SUPPLIERS;0215595532;sales@bartinstationery.co.za;
IKHWEZI LOKUSA STATIONERY AND PROMOTIONS CC;0213869186;jabu@ikhwezilokusa.co.za;
GREEN BROOKS CC;0475310960;;
ARETHOMENG AGENCIES CC;0152922876;mathomo@telkomsa.net;
M C D OFFICE ONLINE;0132821273;hardus@justmcd.com;
NOBLE NOTIONS;0733664107;;
PEN 'N PENCIL;0437425161;0437425161@efg.co.za;
MR PRICE GROUP SYSTEM DIVISION;0313108122;;
NIEU SCRIPT BK;0287132058;;
TASET 45 CC;0219392539;;
ENVELOPES ETC;0118285780;;
BOUNCE HAIR & BEAUTY;0113933090;;
EAST RAND MALL STATIONERY AND ART;0118233283;;
SCRIPMATE OFFICE NATIONAL;0113933027;;
BRIGHT IDEAS OFFICE STATIONERS;0113151992;brightideas@worldonline.oc.za;
WINKELOPPIE WESKUS;0227832525;charmaine.bothma@yahoo.com;
HORTORS STATIONERY (PTY) LTD;0116159806;;
PATRICIA SMITH SKRYFBEHOEFTES;0123322609;;
SILVERAY STATIONERY CO (PTY) LTD;0314622081;info@silveray.co.za;
ISIHLOBO STATIONERS CC;0317005256;;
ARETHOMENG AGENCIES CC;0152922876;mathomo@telkomsa.net;
ORIBI STATIONERY;0393120730;;
SAUMALO B C M TRADE CC;0113977661;;
TRAMARCO TRADING INTERNATIONAL (PTY) LTD;0419220176;;
J & B STATIONERS & PRINTERS;0123272379;;
ENSLIN ENTERPRISES;0833620922;;
MIKRO SKRYFBEHOEFTES BK;0116786188;;
SCRIBBLE AND SKRYF;0147365537;;
Shamrock Print Cc;0114211232;derek@shamrockprint.co.za;
HI WATT CC;0114222009;;
ART STATIONERS AND STANDARD PRINTERS CC;0315795782;;
CRAZY STORE THE;0129915555;;
GREYTOWN BOOKSHOP;0334131490;;
NIEL SE HUISWINKEL;0236142632;flatfootideas@lando.co.za;
CARDIES;0152651152;;
BRIGHT IDEAS OFFICE STATIONERS;0113151992;brightideas@worldonline.oc.za;
WATTERS STATIONERY CC;0112344182;info@wattersstationery.co.za;
ABANTU STATIONERS CC;0132462584;;
PATRICIA SMITH SKRYFBEHOEFTES;0123322609;;
THE NEW DOCK GAR;0215113922;;
C N A;0448033600;;
ABMASU IMPORT & EXPORT T/A A.H PROJECTS;0113330303;abmasustationery@webmail.co.za;
GOVENDER;0317025843;;
MOSSELBAY OFFICE NATIONAL;0446903915;;
MUIR'S BUSINESS STATIONERS CC;0116606543;;
MAKTABA STATIONARY (PTY) LTD;0126568908;;
PAPER PLACE;0398341071;;
KGETLENG STATIONERS CC;0145433962;;
PENFLEX (PTY) LTD;0215552119;penfadmin@penflex.co.za;
SEDIBA PRINTERS AND STATIONERS;0729829517;sediba@internext.co.za;
FULAT PLASTICS;0114444467;fulats@gmail.com;
CIABATTA STATIONERS AND SAFETY WEAR;;;
PHANDA STATIONERS;0128082449;ckhomeliwa@yahoo.com;
RUSTENBURG CAR ALARM AND SOUND (EDMS) BPK;0145381183;;
D N S OFFICE NATIONAL;0399760555;bstrydom@dnss.co.za;
HENJO STATIONERS CC;0114637936;;
PAGE AUTOMATION (PTY) LTD;0115743000;info@pageauto.co.za;
FOLIO SKRYFBEHOEFTES (EDMS) BPK;0123260003;;
MR PRICE GROUP SYSTEM DIVISION;0117406365;;
BLOUBERG OFFICE ESSENTIALS;0215573656;info@office4u.co.za;
C N A;0123233256;;
THE KNICK KNACK SHOP;0117662868;;
UNICOPY CHATSWORTH CENTRE;0314019367;sales@unicopychats.co.za;
ACTION BACK TO SCHOOL;0217975582;;
MNATHO TRADING ENTERPRISE 130 CC;0123277798;;
STIPEC;0116822232;tobby's@absamail.co.za;
RASHAD STATIONERY SOLUTIONS;0118520461;;
BRONKHORST;0218520930;;
NISSI STATIONERS;0112110067;;
S A GREETINGS (PTY) LTD;0538327972;;
KAY 2ZE GEE TOURS;0187883337;;
MAOBA DIPHOKO PROJECT & SUPPLIERS;0164213505;;
KURUMAN BOEKSENTRUM BK;0537121372;;
SINC OFFICE SOLUTIONS CC;0317023079;;
RIDDLE INVESTMENTS CC;0437438917;;
OFFUSTAT;0315636434;;
S O S SCHOOL & OFFICE SUPPLIES CC;0123290709;;
LION OF JUDAH STATIONERS;0317091794;accounts@ljstationers.co.za;
MBOVU INVESTMENTS;0731618790;inbubu@webmail.co.za;
B L LITHO CC;0114526742;bllithocc@gmail.com;
P N A STATIONERS;0169330909;;
F H D BOOKSELLERS & STATIONERS;0219826126;fhd@telkomsa.net;
META PRODUCTIONS;0118877105;;
STATUS FORMS CC;0114723775;;
VUKANI CORPORATE STATIONERS;0437411186;;
S A GREETINGS (PTY) LTD;0136972400;;
JAKES STATIONERY & OFFICE EQUIPMENT;0519335219;;
PENPOINT STATIONERS & PRINTERS (PTY) LTD;0861114216;;
PENPOINT STATIONERS;;;
STUTT STATIONERS;0436831514;;
FREEDOM STATIONERY (PTY) LTD;0324563646;;
SKRYFPALEIS STATIONERIES;0184841201;;
C N A (KNYSNA);0443821433;;
LE PROF SERVICES ENTERPRISES CC;0216969055;;
Y2K OFFICE STATIONERY SUPPLIES CC;0118349384;;
G S M PRINTING;0215511436;;
STATCO;0184624159;;
FALLER TRADING ONE CC;0114250505;;
STATIONERY BUTLER;0834402615;info@sbutler.co.za;
PEN STATION;0125469390;;
NETWERK;0137527618;;
MICHELLE HEY FINANCIAL SOLUTION CC;0217131659;;
HOUT BAY STATIONERS CC;0217902630;;
CAROL'S STATIONERY SELECTIONS;0214222435;;
FIRST STATIONERY & PRINTING SUPPLIES;0114524732;;
SPG MARKETING CONCEPTS CC;0118352570;;
MPUMALANGA STATIONERY & OFFICE FURNITURE;0137554053;;
LECTIO PUBLISHERS PTY LTDER;0118692787;;
PAPER@WORK;0446966631;paper008@telkomsa.net;
PLASTICS WAREHOUSE;0219115555;demetre@theplasticwarehouse.co.za;
ATLAS COPCO (SA) (PTY) LTD;0118219000;wayne.jacobs@atlascopco.co.za;
HEALTH AND WELFARE (ATOK);0156150208;derickkganyago@dhsd.limpopo.gov.za;
BOOKMARK;0312015652;vspol@vanschaik.com;turfloop@vanschaik.com;
PICK N PAY STORES;0216581000;;
MAKRO (PRETORIA);0860305999;;
S A COMPRESSOR CARE;0152930788;sacompare@absamail.co.za;
NATIONAL STATIONERY CC;0116141183;;
HOUT BAY STATIONERS CC;0217902630;;
C N A STELLENBOSCH;0218870218;;
LEITAM STATIONERS CC;0118684440;;
ROBBINS STATIONERS & LOCKSMITH;0333304610;;
WIZARDS STATIONERS;0117948645;;
BEST OFFICE & STATIONERY SUPPLY CC;0116791127;;
TRIPLE J STATIONERS & PRINTERS;0314044988;;
GLADILE HOLDINGS;0739861718;ayanda.gladile@gmail.com;
KETHUKTHULA OFFICE SOLUTIONS;0726096940;kethukthula@webmail.co.za;
P A STATIONERS (EDMS) BPK;0543313085;;
PRECISION STATIONERS;0338462297;pranesh@precisionstationers.co.za;
M H OFFICE MACHINES & STATIONERS CC;0820821282;mariusvs@yebo.co.za;
CONSUMABLE CONSTRUCTION SOLUTIONS;0215913688;tina@yourdoor.co.za;
FLEXO LINE PRODUCTS (PTY) LTD;0215117578;flexo@telkomsa.net;
LEGIT;0114956000;customerservices@edcon.co.za;
EDGARS-RED SQUARE;0114956000;customerservices@edcon.co.za;
JETMART;0860104170;customerservices@edcon.co.za;
CONFERENCE COMPLETE;0219134893;info@conferencecomplete.co.za;
MERPAK ENVELOPES (PTY) LTD;0217995740;ctsales@merpak.co.za;
HEALTH (GRIQUATOWN);0533430011;skock@ncpg.gov.za;
TOYS UNLIMITED;0283130192;hermfish@telkomsa.net;
BEARDSLEY PRINT AND LABELS;0118921262;bearprint@mweb.co.za;
K Z N IMAGING SYSTEMS;0333434213;kznimaging@telkomsa.net;
A M TROPHIES (NELSPRUIT);0137411785;nelspruit@amtrophies.co.za;
DIPHALANE PUBLIC SCHOOL;0116652650;diphalaneprimary@gmail.com;
CASTLE PAPER ROLLS CC;0315694277;sales@castledbn.co.za;
FIVE STAR PLASTICS;0128046107;5starplastic@telkomsa.net;
CORPORATE CONFERENCE GIFTING;0118925966;sales@corpcongifts.co.za;
LEADING EDGE 64 (STRAND);0218532880;print1@theofficecrew.co.za;
PERSONALISED PROMOTIONS;0214220340;vanessa@personal.co.za;
NWA'NKUMI CATERING SERVICES;0123221813;rhulaninkolele@yahoo.com;
HUNTLEY BROS;0113317986;orders@huntley.co.za;
FALCON STATIONERY PRODUCT;0113340657;ledgersy@iafrica.com;
DEMBE DISTRIBUTION SALES;0159641370;dembe@tupperware.co.za;
ALCAGEN ELECTRONICS;0128048741;;
GARETH GRAPHIX;0217067328;;
SEDIMOGANG BOOKSHOP;0145555278;sedimogangbooksshop@telkomsa.net;
RUBBER STAMPS & ENGRAVING;0114222847;benoni@trodat.co.za;
EMBOSSING STAMPS CC;0114405559;embossing@mweb.co.za;
M H OFFICE MACHINES AND STATIONERS;0277181118;mariusvs@yebo.co.za;
P G PAPER & STATIONERY;0123484862;stamps@iburst.co.za;
EAGLE IMAGING (PTY) LTD;0114330231;mail@eagleimaging.co.za;
VALUEGRO OFFICE SOLUTIONS CC;0117281234;;
CLASSIQUE ART PRINT;0118288218;sheila@classiqueart.co.za;
JANELCO;0137500867;;
DIGITAL OFFICE SOLUTIONS;0393151900;digital.office.solutions@gmail.com;
WURTH;064207520;nenowvdshop@wurth.com.na;
NAMIBIA STATIONERY WHOLESALER CC;061245096;;
VAN'S OFFICE SUPPLIES;0828946317;peter@vansofficesupplies.co.za;
TOOL ENGINE;0119790876;toolengine@vodamail.co.za;
POWERLAB COMPUTERS;0132435914;powerlab@xsinet.co.za;
JAX CLASSICS;0114447221;charles@jaxwax.co.za;
CYBERNETIX;0865084031;;
BOSELE STATIONERS;0145973164;;
EASY R X SUPPORT;0118393775;acatsicas@easyrx.co.za;
TERRAPIN BOOK COVERS;0315642871;carol@terrapin.co.za;
SIGNTIFIC;0414536127;dewald@signtific.co.za;
P D K OFFICE NATIONAL;0488811509;eugene@pdk.co.za;
IMPRESSIONS RUBBER STAMPS CC;0414530606;impressionsrubberstamps@telkomsa.co.za;
BUFFALO GROUP;0343121144;info@buffalogroup.co.za;
POSTNET (WALMER);0415810806;;
POST OFFICE;0186440411;;
PRIMA STATIONERY;0172000899;steve@primastationery.co.za;
TIP TOP WHOLESALERS;0152920211;;
MIRAMAR KWIKSPAR;0413685030;0413685029@efg.co.za;
PAPER CLIP;0288400404;;
RBE MANUFACTURING STATIONERS AND PRINTERS (PTY)LTD;0117912173;;
TFS WHOLESALERS;0366377868;tfs@saol.com;
SLEEP-TIME SOLUTIONS CC;0136563235;sleep-time@telkomsa.net;
CNA SHELLEY CENTRE;0393191248;customerrelations@edcon.co.za;
TYPO;0112680124;;
TYPO - EASTGATE MALL;0116150979;rsa.marketing@cottonon.com;
THUTHUKANI PAPER;0114340052;sales@thuthukanipaper.co.za;
BIG BLUE NICOLWAY;0117068603;help@bigblue.co.za;
PANASONIC (NELSPRUIT);0137523166;panasonic@nelpan.co.za;
POSTNET ATTERBURY T/A POSTNET SILVERLAKES;0128094097;;
ADVANCED COMPRESSOR TECHNOLOGY CC;0118644446;attie@actcompressors.co.za;
U SAVE SHOPRITE BOTHAVILLE;0565152396;;
ES BOOKSHOP;0145656985;khutlapye@telkomsa.net;
AD-PRINT & PROMOTIONS;0514332763;info@adprint.co.za;
PHALALELA TRADING & PROJECTS (PTY) LTD;0183846394;mosime05@telkomsa.net;
PAPERCLIP DESIGN AND PRINT;0114755428;;
POSTNET NORWOOD;0117285235;norwood@postnet.co.za;
SHUMPI ENTERPRISES;0165910005;nkululeko@shumpi.co.za;
MAMBO'S PLASTICS WAREHOUSE;0217010566;info@mambosplastics.co.za;
DALROD OFFICE SUPPLIES (PTY) LTD;0105001000;sales@dalrod.co.za;
THE CRAZY STORE;0114271701;;
PNA;0219810787;;
BOOK COTTAGE CC;0283130834;bookcott@hermanus.co.za;
MOSALA OFFICE AUTOMATION;0145556292;mosalaautomation@gmail.com;
BIG BLUE NICOLWAY;0117068603;help@bigblue.co.za;
KADIMAH TRADING CORPORATION (PTY) LTD;0215550091;sales@kadimah.com;
TYPO;0122461808;;
CNA;0543372635;;
MR STATIONER;0318118365;mrstationer@gmail.co.za;
M AND H SUPPLIERS MPUMALANGA;0139861841;SALES3@MHSUPPLIERS.CO.ZA;
GEMINI OCTOPUS;0738298798;info@geminioctopus.com;
PETERS PAPERS;0317131550;sales-dbn@peterspapers.co.za;
SHOPRITE CHECKERS;0413917500;;
STATIONERY FOR AFRICA OFFICE NATIONAL;0219809212;mstander@officenational.co.za;
POSTNET;0117395638;;
PRESTIGE ADVERTISING GIFTS CC;0215342770;prestige@modart.co.za;
LIPPY'S EVERYTHING OFFICE;0114401023;info@lippyseverythingoffice.co.za;
MATLOPORONG BUSINESS ENTERPRISES;0119803261;georgematloporo@gmail.com;
THE CRAZY STORE LONGBEACH MALL;0217857169;info@crazystore.co.za;
THE CRAZY STORE;0114271701;;
GRAPHIC AUTHORITY;0110224911;franco@graphicauto.co.za;
POST OFFICE (BIG BAY);0215540427;customer.service@postoffice.co.za;
MOSALA OFFICE AUTOMATION;0145556292;mosalaautomation@gmail.com;
PREMIER MARKETING EDUCATIONAL PTY LTD;217040166;sales@premiermarketing.co.za;
TYPO;0116757854;;
REIN SUPPLIES;0118691261;;
AD-PRINT & PROMOTIONS;0514332763;info@adprint.co.za;
PHALALELA TRADING & PROJECTS (PTY) LTD;0183846394;mosime05@telkomsa.net;
MR STATIONER;0318118365;mrstationer@gmail.co.za;
BUDGET CASH AND CARRY;0722009485;info@budgetcashandcarry.co.za;
MPU COPIERS (PTY) LTD;0861478963;SALES@MPUCOPIERS.CO.ZA;
LANGANANI EZWENI TRADING AND PROJECTS;0114724701;admin1@hlangananiezweni.com;
PEP STORE SPRINGS;0113620042;info@pepstore.co.za;
SWAN CARTRIDGES;0169712925;;
MAMBO'S PLASTICS WAREHOUSE;0217010566;info@mambosplastics.co.za;
THE CRAZY STORE LONGBEACH MALL;0217857169;info@crazystore.co.za;
ULTIMATE OFFICE NATIONAL;0123797723;SALES@ULTI.CO.ZA;
CONTROL INSTRUMENTS;0413640020;ian@cipe.co.za;
THE CRAZY STORE;0123428100;;
PEP RETAIL LIMITED;0113540020;;
BIDVEST WALTONS VINCENT;0437261202;;
MOSALA OFFICE AUTOMATION;0145556292;mosalaautomation@gmail.com;
POSTNET WOODSTOCK;0214473531;woodstock@postnet.co.za;
PEARSON AND HOWARD DESIGN (PTY) LTD;0317663377;deanne@mweb.co.za;
POSTNET SECUNDA;0176314847;secunda@postnet.co.za;
THE CRAZY STORE LANGEBERG MALL;0446952851;info@crazystore.co.za;
@20 BAHURUTSHE YOUTH CENTRE;0183634670;;
TONER IMAGES;0113941728;info@tonerimages.co.za;
POSTNET:PRETORIA CBD;0123222419;ptacbd@postnet.co.za;
ES BOOKSHOP;0145656985;khutlapye@telkomsa.net;
ABC CRAFTS;0125495955;ABCCRAFTS@WEBMAIL.CO.ZA;
BHAMJEES LENASIA STATIONERY;118546092;lenasiastationery@gmail.com;
HON SHIN ENTERPRISE PTY LTD;0514320102;info@hsgroups.com;
SIKHULA SONKE;0760181015;;
POSTNET;0178111744;ermelo@postnet.co.za;
SHOPRITE;0568162000;;
THOMAS POWERLAP CC;0132435521;powerlab@powerlab.co.za;
PB WESTERN PRINTERS;0129419126;info@westernprinters.co.za;
B2B TRADERS;0114212078;;
CARTRIDGE GUYS;0123468065;CHRIS@CARTRIDGEGUYS.CO.ZA;
CNA SHELLEY CENTRE;0393191248;customerrelations@edcon.co.za;
ABC SUPERMARKET;0113422253;abcsupermarket@telkomsa.net;
NOMSTAN;0790742573;info@nomstan.co.za;
BARGAIN BOOKS;0333424022;;
MAT AND MAY;0112883652;;
CNA;0115495303;cnafourwayssm_0373@edcon.co.za;
SHOPRITE;0219804000;consumer@shoprite.co.za;
K V ART (PTY) LTD;0215578003;linda@dala.co.za;
ASL SA (PTY) LTD;0215591660;;
PICK 'N PAY FAMILY STORE;0137376010;hazyview@pnp.co.za;
INDUSTRIAL HARDWARE SUPPLY CO;0117864352;reception@industrialhardware.co.za;
POSTNET:GOLDFIELDS MALL (104) STATEWAY BLVRD;0573525207;;
IHS.INDUSTRIAL HARDWARE SUPPLIERS;0119084042;;
PEP STORE: RUSTENBURG;0145923534;;
MAMBO'S PLASTICS WAREHOUSE;0217010566;info@mambosplastics.co.za;
J P CONSULTANTS;0114678780;johnpwh@iafrica.com;
THE CRAZY STORE - SOUTH COAST MALL;0116263426;;
THE CRAZY STORE (MUSGRAVE CENTRE);0312011841;info@crazystore.co.za;
CONTROL INSTRUMENTS;0413640020;ian@cipe.co.za;
CLASSIC WHOLESALERS;0116263952;sglass@crazystore.co.za;
TYPO;0112680124;;
AFTA COOL AFTERCARE;15534255;Charlene@Aftercare.co.za;
SHOPRITE CHECKERS (PTY) LTD (DUNDEE);0342999360;;
PICK AND PAY RETAILERS;0113315424;;
REIN SUPPLIES;0118691261;;
DOCQTECH SOLUTIONS;0827701612;klaus@docqtech.co.za;
CNA;0115495303;cnafourwayssm_0373@edcon.co.za;
POST ZONE;0422960168;postzonejbay@gmail.com;
POSTNET:PRETORIA CBD;0123222419;ptacbd@postnet.co.za;
E-MZANTSI MTHEMBU CLEANING AND DISTRIBUTION;0119883484;;
AD-PRINT & PROMOTIONS;0514332763;info@adprint.co.za;
JETMART (LICTENBURG);0186323426;;
GEMINI OCTOPUS;0738298798;info@geminioctopus.com;
INKPOT STATIONERS;0119703281;;
STATIONERY FOR AFRICA OFFICE NATIONAL;0219809212;mstander@officenational.co.za;
GOPHER CC;0117041600;gophers@gopherpromo.co.za;
CAPMOR STATIONERS;0117928751;ADMIN@CAPMOR.CO.ZA;
BOTLALOBOAGO TRADING ENTERPRISE;0183818376;boitumelonaledi@rocketmail.co.za;
THE CRAZY STORE;0114271701;;
DUESOUTH;0137429533;;
EXCLUSIVE BOOKS (PTY) LTD;0137570352;nelspruit@exclusivebooks.co.za;
PANASONIC (NELSPRUIT);0137523166;panasonic@nelpan.co.za;
PRESS PRODUCTS;0114936332;press@pressproducts.co.za;
CARDIES;116750400;;
REMINGTON SUPPLIES;0828549540;info@remingtonsupplies.co.za;
POSTNET:SHOWGATE SHOPPING CENTRE (1);0514305914;;
BY HIS GRACE;0727574057;sales@byhisgrace.co.za;
TYPO;0122461808;;
KHUMBI TRADING;0392531663;z.khumbitrading@yahoo.com;
MR STATIONER;0318118365;mrstationer@gmail.co.za;
COMPUTER CONSUMABLES;0118227766;insiswe@telkomsa.net;
HON SHIN ENTERPRISE PTY LTD;0514320102;info@hsgroups.com;
PAPER PARADISE;0113483100;;
SWARTKOPS SPAR;0414661136;swartkops2@retailspar.co.za;
STATIONARY AND PAPER MASTER CC;0126585608;glasstoria@mjvn.co.za;
THOMAS POWERLAP CC;0132435521;powerlab@powerlab.co.za;
POSTNET:GREYLING STREET (268);0333452885;;
TFS WHOLESALERS;0366377868;tfs@saol.com;
STADEX STATIONERY;0118347817;stadex@mweb.co.za;
CUM BOOKS (BLOEMFONTEIN);0514446251;;
EXCLUSIVE BOOKS (PTY) LTD;0137570352;nelspruit@exclusivebooks.co.za;
AFTA COOL AFTERCARE;15534255;Charlene@Aftercare.co.za;
GRASKOP STATIONERY;0137671252;graskop@stationery.co.za;
BIG BLUE NICOLWAY;0117068603;help@bigblue.co.za;
MAT AND MAY;0112883652;;
PALADIUM DISTRIBUTORS CC;0123744062;;
PEP STORES: SUN VILLAGE SHOPPING CENTRE; RUSTENBURG;0145522100;;
KRMS ACHITECTS CC TA POST NET CENTURION;0126637977;centurion@postnet.co.za;
CNA (VAAL MALL);0169101861;CNAvaalmall_0543@edcon.co.za;
GEMINI OCTOPUS;0738298798;info@geminioctopus.com;
THOMAS POWERLAP CC;0132435521;powerlab@powerlab.co.za;
PRESTIGE ADVERTISING GIFTS CC;0215342770;prestige@modart.co.za;
CAPMOR STATIONERS;0117928751;ADMIN@CAPMOR.CO.ZA;
GRAPHIC AUTHORITY;0110224911;franco@graphicauto.co.za;
CLASSIC WHOLESALERS;0116263952;sglass@crazystore.co.za;
CNA FOREST HILL CITY MALL;0126689370;customerrelations@edcon.co.za;
V TINTO INC. ATTORNEYS;0128070235;info@galoot.co.za;
CIPRO (PTY) LTD;0114766730;;
POST OFFICE (BIG BAY);0215540427;customer.service@postoffice.co.za;
NOMSTAN;0790742573;info@nomstan.co.za;
I.G HOOSEN AND CO;0315342527;info@ijhoosen.co.za;
TELEPHONE SHOP THE;0357897298;0357897298@efg.co.za;
TYPO;0122461808;;
KADIMAH TRADING CORPORATION (PTY) LTD;0215550091;sales@kadimah.com;
WEMBLEY WHOLESALERS (PTY) LTD;0216971430;;
POSTNET;116822443;;
POSTNET THE RIDGE SHOPPING CENTRE;0314091540;chatsworth@postnet.co.za;
COMPUTER CONSUMABLES;0118227766;insiswe@telkomsa.net;
POSTNET:PRETORIA WEST;0123270586;;
GULIWE TRADING PTY LTD;0718263435;pgugu75@gmail.com;
PENS AND PENCILS STATIONERY AND ART SUPPLIERS;0118233424;;
STATIONERY FOR AFRICA OFFICE NATIONAL;0219809212;mstander@officenational.co.za;
PAPER ACTIVE (PTY) LTD;0325330743;rabi@newagestationery.co.za;
PRESTIGE ADVERTISING GIFTS CC;0215342770;prestige@modart.co.za;
SUPER JUMBO CASH & CARRY (PTY) LTD;0115323600;kevin.albon@masscash.co.za;
HSTM;0861681681;;
IDESIGN COMMUNICATIONS;0114723227;;
BIDVEST WALTONS VINCENT;0437261202;;
TYPO - EASTGATE MALL;0116150979;rsa.marketing@cottonon.com;
REIN SUPPLIES;0118691261;ADMIN@REIN.CO.ZA;
LIPPYS INTOUCH STATIONERS (PTY) LTD;0233477477;sales@lippys.co.za;
TELEPHONE SHOP THE;0357897298;0357897298@efg.co.za;
W. VOS AND CO (PTY) LTD;0114937139;info@wvos.co.za;
PECKERS;0236264495;riaan.mouton@vodamail.co.za;
THE CRAZY STORE LANGEBERG MALL;0446952851;info@crazystore.co.za;
PAPER WORLD;0315792847;;
GRAPHIC IMPRINT;0861774681;info@giprint.co.za;
INK-ON-TIME CC;0216744993;inkontime@mwebbiz.co.za;
POSTNET SOUTHERN AFRICA (PTY) LTD:RANDBURG CBD;0118869787;janp@iafrica.com;
BUBBLY BOO CREATIONS;0828232064;marlaine@bubblyboo.co.za;
SWARTKOPS SPAR;0414661136;swartkops2@retailspar.co.za;
UNICOPY PRINT SHOP;0313093975;sales@unicopy.co.za;
ALABASTER CREATIONS CC;0114330996;beauty@alabastercreations.co.za;
STATIONARY AND PAPER MASTER CC;0126585608;glasstoria@mjvn.co.za;
J P CONSULTANTS;0114678780;johnpwh@iafrica.com;
IDESIGN COMMUNICATIONS;0114723227;;
GAME (RICHARDS BAY);0359019200;;
THE CRAZY STORE;0114271401;info@crazystore.co.za;
MARSHALTOWN POST OFFICE;0118365980;;
SHOPRITE CHECKERS (PTY) LTD (DUNDEE);0342999360;;
PRESS PRODUCTS;0114936332;press@pressproducts.co.za;
POSTNET:SHOWGATE SHOPPING CENTRE (1);0514305914;;
PEP STORES: ZEERUST;0186421831;;
ANB OFFICE NATIONAL;0139325009;sales@anb.co.za;
E-MZANTSI MTHEMBU CLEANING AND DISTRIBUTION;0119883484;;
THE CRAZY STORE BEL AIR SHOPPING CENTRE;0114621143;info@crazystore.co.za;
PRINTOFIX;0117334442;REPAIRS@PRINTOFIX.CO.ZA;
BHAMJEES LENASIA STATIONERY;118546092;lenasiastationery@gmail.com;
INDUSTRIAL HARDWARE SUPPLY CO;0117864352;reception@industrialhardware.co.za;
POSTNET;0178111744;ermelo@postnet.co.za;
POSTNET:GREYLING STREET (268);0333452885;;
GEMINI OCTOPUS;0738298798;;
LIPPY'S EVERYTHING OFFICE;0114401023;info@lippyseverythingoffice.co.za;
THE CRAZY STORE LONGBEACH MALL;0217857169;info@crazystore.co.za;
BUCAN OFFICE EQUIPMENT;0152953773;workshop@bucan.co.za;
1-AICON AFRICA (PTY) LTD;0112340861;NORMA@INKYSHOP.CO.ZA;
POSTNET;0145927878;waterfallmall@postnet.co.za;
EXCLUSIVE BOOKS (PTY) LTD;0137570352;nelspruit@exclusivebooks.co.za;
I.G HOOSEN AND CO;0315342527;info@ijhoosen.co.za;
MAT AND MAY;0112883652;;
CARDIES;116750400;;
ICA OFFICE NATIONAL;0135900345;info@officenational.co.za;
A-BAY PROMOTIONS;0413901600;tania@a-bay.co.za;
POSTNET;116822443;;
THE CRAZY STORE - SOUTH COAST MALL;0123451444;;
CRAZY STORE GRAHAMSTOWN;0466223234;;
POSTNET NORWOOD;0117285235;norwood@postnet.co.za;
LANGANANI EZWENI TRADING AND PROJECTS;0114724701;admin1@hlangananiezweni.com;
C N A:ALKANTRAND 46 GLENFAIR S CNTR LYNNWOOD RD;0123481474;;
SWARTKOPS SPAR;0414661136;swartkops2@retailspar.co.za;
TYPO MALL OF THE SOUTH;0116822389;online@cottonon.com.au;
WATCHES TELL TIME CC;0861113480;wtt@netactive.co.za;
MAMBO'S PLASTICS WAREHOUSE;0217010566;info@mambosplastics.co.za;
GOPHER CC;0117041600;gophers@gopherpromo.co.za;
CAPMOR STATIONERS;0117928751;ADMIN@CAPMOR.CO.ZA;
ULTIMATE OFFICE NATIONAL;0123797723;SALES@ULTI.CO.ZA;
SOUTH AFRICAN PAPER MILLS;0314519600;info@sapaper.co.za;
PAPER CLIP;0288400404;;
AMMUS SUPERMARKET;0838831234;ammussupermarket@telkomsa.net;
CNA LANGEBERG MALL;0446016602;cstorebooking@edcon.co.za;
I.G HOOSEN AND CO;0315342527;info@ijhoosen.co.za;
PRESS PRODUCTS;0114936332;press@pressproducts.co.za;
C N A:MIMOSA MALL KELLNER ST BRANDWAG;0514446038;;
POSTNET:SHOWGATE SHOPPING CENTRE (1);0514305914;;
ADP DEALER SERVICES SA;0117817759;anna@easyconnect.co.za;
THE CRAZY STORE LANGEBERG MALL;0446952851;info@crazystore.co.za;
DEE'S BOOKSHOP AND STATIONERY C;0315397611;;
POWER CASH AND CARRY;0573525046;;
RAZZ PACKAGING AND STATIONERY;0116923295;RAZIA.ASVAT@GMAIL.COM;
NOR PAPER;0100604000;;
JETMART (LICTENBURG);0186323426;;
METRO CASH AND CARRY;0442722196;;
PEP BOTHAVILLE;0565153400;;
BASBEN CUTFLOWERS;0114271098;lakeside@381.co.za;
B2B TRADERS;0114212078;;
ANKAR PRODUCTS;0118371591;anker@netdial.co.za;
POSTNET;0126570260;bluvalley@postnet.co.za;
POST OFFICE (BIG BAY);0215540427;customer.service@postoffice.co.za;
D S S DIRECT STATIONERY SUPPLIES;0126667507;;
ELDRIDGE PRIMARY SCHOOL;0119453715;;
BIG BLUE NICOLWAY;0117068603;help@bigblue.co.za;
BARGAIN BOOKS;0333424022;;
FERRYVALE SPAR;0118147026;ferryvale2@retail.spar.co.za;
SWARTKOPS SPAR;0414661136;swartkops2@retailspar.co.za;
POST OFFICE;0145440076;;
CRAZY STORE CENTURION;0126639683;;
ONE LINK;0118864700;info@onelinksa.co.za;
B2B TRADERS;0114212078;;
THE CRAZY STORE LONGBEACH MALL;0217857169;info@crazystore.co.za;
THE CRAZY STORE;0184620591;;
