CLEANING SPECIALISTS (DURBAN);152972392;;
BEST GUTTERS;119535219;mark@bestgutters.co.za;
SVM PUMPS - FRANKLIN ELECTRIC;116094150;info@franklin-electric.co.za;
BIDVEST TMS INDUSTRIAL SERVICES (PTY) LTD;413734020;info@tmsg.co.za;
TITAN;837318644;titan@titancor.co.za;
BROUBART SECURITY;437438142;info@broubart.co.za;
BROUBART CLEANING AND SECURITY;415825082;broubart@securityhouse.co.za;
WATERPROOFING & HIGH PRESSURE CLEANING;314649759;gregsamuel@telkomsa.net;
SUPREME DRY CLEANERS & LAUNDERERS (PTY) LTD;118256507;supremeclean@telkomsa.net;
AMACHULE CLEANING & PEST CONTROL SERVICES;415816335;info@amachule.co.za;
FILTRATION & TRANSMISSION SERVICES VANDERBIJL (PTY) LTD;105929867;ray@ftsafrica.co.za;
SERVICE MASTER CARPET CLEANING;312055281;;
NELEDZI CLEANING SERVICES (PTY) LTD;114536008;info@neledzi.com;
DKZEE CLEANING SERVICES;413713917;admin@dkzee.co.za;
AMIGA CLEANSING SERVICES BK;219055970;info@amiga.co.za;
BIDVEST PRESTIGE CLEANING;448013500;presgeorge@presclean.co.za;
IMAGE CLEANING & HYGIENE;317663062;chad@imagecleaning.co.za;info@imagecleaning.co.za
MOROPA CARPET CLEANERS;118872755;moropacarpetcleaners@gmail.com;
CHEMSYS 2007 CC;413737098;chemsys2007@iafrica.com;
VELALANGA CLEANING SERVICE CC;458385536;nontando@xsinet.co.za;
GAMAGARA INNOVATIVE CLEANING BUSINESS (PTY) LTD;533310280;admin@gicb.co.za;
MBATHA MLAMBO TRADING CC;114922347;donald@mmtrading.co.za;
TSEBO CLEANING SOLUTIONS (PTY) LTD;112262300;info@tsebocleaning.co.za;
Metro Sanitary Solutions;861445522;accounts@metrosan.co.za;
ZONE CHEMICALS (EDMS) BPK;860966300;;
BARRY'S WINDOW CLEANING SERVICES CC;215108582;bhrwindows@gmail.com;
R E B SOLUTIONS CC;217036302;bridgette@rebcleaning.co.za;
UBUNYE CLEANING SERVICES;118053080;richard@ubunye.co.za;
La Fancy Kay (Pty) Ltd;145695645;info@lafancykay.co.za;
MONABO HYGIENE SERVICES;214247876;cpt@monabo.co.za;
PERSONAL TOUCH CC;217058002;ptouch@iburst.co.za;
INDUSTRIAL LAUNDROMAT (PTY) LTD;822580252;laundry@mweb.co.za;
BADIRAMMOGO TEA CLEANING SERVICES;733176479;badirammogo.teacleaning@gmail.com;
BROOMSTIX HOUSE AND OFFICE CLEANING SERVICE (HERMANUS);724641305;broomstix@hermanus.co.za;
DYNAMIC CARPET CLEANERS;833111125;rubis@axxess.co.za;
BIDVEST STEINER HYGIENE;343758638;mijettev@steiner.co.za;
YEBO CLEANING &HYGIENE;114851617;accounts@yeboshine.co.za;
REAKGONA COMMERCIAL AND INDUSTRIAL HYGIENE;123232857;christopherk@reakgonahygiene.co.za;
MORENA CORPORATE SERVICES;118246229;elliot.mokone@morena.co.za;
VERSATEX CLEANING SERVICES;838457717;traceydurban@versatex.co.za;
UBUNTU HYGIENE;414510226;admin@ubuntuclean.co.za;
VAN RENSBURG CLEANING;448746866;info@vanrensburgcleaning.co.za;
IMPACT CLEANING;117931126;accounts@impactcleaning.co.za;trevor@impactcleaning.co.za
HYGIVIT CLEANING SERVICES;861494484;info@hygivit.com;
SHARPLINE LAUNDRY;136901030;info@sharplinelaundry.co.za;
GRA-TECH (PTY) LTD;118241518;gratec2@mwebbiz.co.za;
GREEN SWEEP CONSORTIUM;183815760;info@gsc1.co.za;
PRIME CLEANING SUPPLIER CC;113143014;sandra@primecs.co.za;
BETTA PROJECTS CLEANING CONTRACTORS;152988391;paolocigana33@gmail.com;
TYZER-T SECURITY & CLEANING SERVICES;152953950;tyzert@telkomsa.net;
HULLEY CLEANING SPECIALISTS;118869065;cleaningspec@polka.co.za;
A A CLEANING SERVICES;446950835;aacleaning@telkomsa.net;
AFRI-SERVICES (PTY) LTD;861100625;marketing1@afrisix.co.za;
PRESTIGE CLEANING SERVICES (PTY) LTD;137527631;nico@presclean.co.za;
WETCHEM;145974605;wetchem@mweb.co.za;
AMANDLA AHLANGENE SECURITY & CLEANING SERVICES;313012205;;
B & E MULTI SERVICES;333303908;osheat@telkomsa.net;
TSEBO CLEANING;112262300;lsomerset@tsebocleaning.co.za;
ALPHA & OMEGA CLEANER SERVICES;735088481;classic.cleaners@telkomsa.net;
IWESCO;125492925;info@iwesco.co.za;
TABAKBAAIWASSERY;227141269;;
JACKIE'S CLEANING SERVICES;218555572;info@jackies.co.za;
KURUMAN CLEANING SERVICES;537731889;info@kurumanclening.com;
CHEMCO (SA);861405060;;
MAKWENZEKE GRASS CUTTING & CLEANING CC;176380665;mofesv@absamail.co.za;
AQUA VAC;164220393;mwaqua-vac@mweb.co.za;
FRESH & CLEAN TRADING;419224554;;
AMANZI CLEANING SERVICES;829233134;amanzicleaing@mtnloaded.co.za;
I BOWER & ASSOCIATES;154912126;;
IKHAYELIHLE CLEANING SERVICES;313120900;ikhayelihle@worldonline.co.za;
SPINQUEEN LAUNDRY;716931659;hlubi@spinqueen.co.za;
S A SECURITY SERVICES (PTY) LTD;113621282;johnb@usizogroup.co.za;
MAKJUS TRADING & PROJECTS;147631590;makjus@hotmail.com;
SESFIKILE CLEANING SERVICES CC;113901976;;
WOODWEDGE LAUNDRY;312055533;info@woodwedge.co.za;
MOKETETSA PERSONNEL & CLEANING SERVICES;169324135;;
CLEAN-HOMES;219452000;info@clean-homes.co.za;
TIBER LAUNDROMAT;313327621;loku@mweb.co.za;
CAPE ASBESTOS REMOVALS;219499784;info@asbestos.co.za;
TOM'S CARPET CLEANERS;118225732;earings@telkomsa.net;
INDUSTROSERVE CLEANING;137412313;admin@industroserve.co.za;
ISIPHETHO CLEANING & CATERING SERVICES;113310932;phumy@darkblue.co.za;
EAST COAST CLEANING SERVICES;319123533;eastcoastcleaning@telkomsa.net;
CARPET CARETAKERS;117822615;;
ST PEST CONTROL & CLEANING;152970128;stpestcontrol@gmail.com;
B & B CLEANING SERVICES;119436015;bonraycleaning@hotmail.com;
MAIDS AND ALL;218518710;patsy@maidsandall.co.za;
DURBAN PROPERTY CLEANING SERVICES;313126300;;
MR GEYSER PLUMBERS;218833325;mrgeyser@telkomsa.net;
B S C CHEMICALS CC;236262873;bscchems@mweb.co.za;
THE WASHSPOT LAUNDRY;217051413;sandrafaulmann@hotmail.com;
MRS CLEANS;828931266;mrscleans@intercom.co.za;
ACE CLEANERS (PTY) LTD;116184913;acea@icon.co.za;
DIALBERTON BUSINESS ENTERPRISE CC;823629502;dialb@absamail.co.za;
VAN ZYL;515220380;;
ZACHAR CLEANING SERVICES;824546351;brassell@iafrica.com;
MATHATA OUTSOURCING GROUP;137532838;mathatam@gmail.com;
CITRONOL HAND CLEANER PTY LTD;113102332;victor@citronol.co.za;
KIR-BE-KLEEN;317654233;dave.dew@mweb.co.za;
RCS INDUSTRIAL CLEANING (PTY) LTD;319029978;rav1@mweb.co.za;
LAMAIN CLEANING;393135138;;
MR CLEAN;118300504;;
ROOTBASIC CLEANING SERVICES;214183407;;
RUDO SERVICES AND MAINT CC;123435919;mnyakakingston@gmail.com;
SUPERGEL;117332915;;
THE CLEAN TEAM SERVICES;878090647;info@thecleanteam.co.za;
MANIA-MAKHASANA TRADING;154911577;;
INHLANZEKO CLEANING SERVICES;313013561;inhlanzekocleaningservices@telkomsa.net;
THEMBA MTHEMBA PROTECTION;338178232;thembamthembu8382@yahoo.com;
MANELISE CONSULTANTS;712860315;thami1.ngcobo@gmail.com;
CARPET CLEANING & ADVISORY SERVICES;114351333;;
MOLLYWOOD MAIDS;114675310;mollymaids@mweb.co.za;
SPRINGBOK BROOM & BRUSH;118352136;sales@wernerbrushware.co.za;
TP CLEANING SERVICES;737661103;cleaningtp@gmail.com;
LOCAL LAUNDRY;825290534;;
ESPHIWEZININGI (PTY) LTD;713577475;makhumalo85@gmail.com;
ACTIVE CORPORATE CLEANING SERVICES (PTY) LTD;116093317;sales@activeservices.co.za;
OBSERVATORY IMPROVEMENT DISTRICT SECURITY;214471066;admin@obsid.org.za;
ULTRA GLASS RESTORERS & CLEANERS (PTY) LTD;118375347;ultragr@worldonline.co.za;
CLEAN HYGIENE;105969942;linet@cleanhygiene.co.za;
NKAMELA TRADING;333460082;;
DITHAGA CLEANING;117626988;;
PRESTIGE CLEANING SERVICES (PTY) LTD;393122269;;
MASIZUZE CO-OP;313014193;;
MAKJUS TRADING AND PROJECTS CC;176470536;makjus@hotmail.com;
PRO AFRICAN CLEANERS (PTY) LTD;846290895;mohammedsajidebrahim@gmail.com;
PUTCO'S CLEANING SERVICES;795963696;putcoscleaningservices@vodamail.co.za;
RECOT SOLUTIONS CC;110427494;bhekimdakane@gmail.com;
T A HENNINGS AND ASSOCIATES;217090058;;
SEAL PLUMBING;213000228;stefan@sealplumbing.co.za;
CARU CLEANING SERVICES;123470836;;
ANTIQUE SILVER REPAIRS;116407789;antiquesilver1@vodamail.co.za;
KGOROYABOHLE TRADING;537120423;molokomphai@yahoo.com;
ROOTBASIC CLEANING SERVICES;214183407;;
SUPERGEL;117332915;;
KORESERV (PTY) LTD;215552201;;
NTSELE NDUNA CONTRACTORS;113662373;ntselendunacontractors@telkomsa.net;
THE CLEAN TEAM SERVICES;878090647;info@thecleanteam.co.za;
FBI CLEANING SERVICES;129972852;;
SINETHAMSANQA CLEARNING AND PROJECTS PTY LTD;738651072;;
ULTRA GLASS RESTORERS & CLEANERS (PTY) LTD;118375347;ultragr@worldonline.co.za;
AVIKONISANE SUPPLIES;117405764;khonzaniavikonisane@telkomsa.net;
THAPELO CLEANING & PROJECTS;219557100;thaps.dn@gmail.com;
BEE BRITE CLEANING SERVICES;738687890;zamamncono@gmail.com;
SOWINI GENERAL TRADING CC;832498623;ndzakana.yaziwe7@gmail.com;
PRO AFRICAN CLEANERS (PTY) LTD;846290895;mohammedsajidebrahim@gmail.com;
RECOT SOLUTIONS CC;110427494;bhekimdakane@gmail.com;
RAMOSHABA CLEANING AND MAINTENANCE;861727327;rapeccs@telkomsa.net;
HMDS SECURITY & CLEANING;827120493;;
CARU CLEANING SERVICES;123470836;;
NATHAN AND FRIENDS TRADING AND PROJECTS;725153109;angelm1984@nokiamail.com;
PHINDAMSHAYE CONTRACTING & TRADING;825918008;;
DAN AND MAG TRANSPORTATION AND CLEANING SERVICES;114331734;info.danmag@telkomsa.net;
SUPERGEL;117332915;;
DUBA L - N;110458874;;
METRO CLEANING SERVICES;768838831;abrahampatrick415@gmail.com;
ERICK MGCINI CONSTRUCTION;786011699;emcconstructioncc@gmail.com;
EUNICE QUSEKA DEVELOPMENT SERVICES CC;848213957;eunicequshake@gmail.com;
CHRIS MAGUD'S ENTERPRISE;315782253;chris.maguds@za.sabmiller.com;
ACADEMY ACTIVE CLEANING SERVICES CC;119489366;;
ULTRA GLASS RESTORERS & CLEANERS (PTY) LTD;118375347;ultragr@worldonline.co.za;
DITHAGA CLEANING;117626988;;
KURUMAN CLEANING SERVICES;537232234;info@kurumancleaning.com;
MAGNET QUICKDRY HOTCHEM CARPET CLEANERS;214343193;magnetcc@mweb.co.za;
RETHAKGETSE TRADING CC;152914692;shimanemajozi@gmail.com;
RIKKY CLEANING SERVICES;711216511;;
PLUTO CLEANING SERVICES;215113434;nceba.buhlungu@yahoo.com;
T A HENNINGS AND ASSOCIATES;217090058;;
JAVILLE CLEANING & MULTIPURPOSE CO-OP LTD;817160051;javilleservices@gmail.com;
EASY WASH LAUNDRY SOLUTIONS;215588889;easywash@webmail.co.za;
THATHAQUBEKANI TRADING & PROJECTS;113461883;thandiekumalo@gmail.com;
LANDELANI CLEANING SERVICES CC;118735662;mk.landz@telkomsa.net;
VAROZVI CONTRACTORS;116564491;info@varozvi.co.za;
NABELA GENERAL TRADING;837612407;nabelagt@gmail.com;
PHATSHIMA CLEANING SERVICES;114123841;phatshima@wol.co.za;
MYSA IMPLEMENTING AGENTS CC;397374643;;
ERICK MGCINI CONSTRUCTION;786011699;emcconstructioncc@gmail.com;
CLEAN CARE MOBILE;117831444;;
OBSERVATORY IMPROVEMENT DISTRICT SECURITY;214471066;admin@obsid.org.za;
YEBO MIADS (PTY) LTD;116093317;info@yebomaids.co.za;
BUSETHANDEKILE CLEANING SERVICES;738414053;nonkosi1979@gmail.com;
EFFINGHAM LAUNDROMAT;315641599;;
INHLANZEKO CLEANING SERVICES;313013561;inhlanzekocleaningservices@telkomsa.net;
THEMBA MTHEMBA PROTECTION;338178232;thembamthembu8382@yahoo.com;
UBUNTU BOTHO PROJECTS.;829596193;mokoenadn@yahoo.com;
SOWINI GENERAL TRADING CC;832498623;ndzakana.yaziwe7@gmail.com;
FEDICS (PTY) LTD;315716300;;
KHULULEKO CLEANING SERVICES CC;117663718;info@khululeko.com;
SEAL PLUMBING;213000228;stefan@sealplumbing.co.za;
TYZER-T-SECURITY & CLEANING SERVICES;114848102;tyzert@telkomsa.net;
IKETSETSE TRADING ENTERPRISE;846313705;;
LINDA'S CLEANING & PROJECTS;783855093;;
NABELA GENERAL TRADING;837612407;nabelagt@gmail.com;
LELAM NGEKWAZI GENERAL TRADING;783649452;ngwera93@yahoo.com;
CHRIS MAGUD'S ENTERPRISE;315782253;chris.maguds@za.sabmiller.com;
J K L CLEANING SOLUTIONS;219816959;info@jklcleaning.co.za;
SINETHAMSANQA CLEARNING AND PROJECTS PTY LTD;738651072;;
SANDISO CLEANING SERVICES;714718603;nshinga2@gmail.com;
VELOCITY GROUP AFRICA;315662281;info@velocitygroupafrica.com;
VUVU CLEANING SERVICES;216991284;nonzukisosecurity@telkomsa.net;
BUSETHANDEKILE CLEANING SERVICES;738414053;nonkosi1979@gmail.com;
KURUMAN CLEANING SERVICES;537232234;info@kurumancleaning.com;
SECHABA SABA TLOKOA;366317555;thembisechaba@yahoo.com;
PRESTIGE CLEANING SERVICES (PTY) LTD;393122269;;
RIKKY CLEANING SERVICES;711216511;;
MAKJUS TRADING AND PROJECTS CC;176470536;makjus@hotmail.com;
VIBRANT CLEANING SERVICES;828513930;;
PRO AFRICAN CLEANERS (PTY) LTD;846290895;mohammedsajidebrahim@gmail.com;
LOYALTY HYGIENE & SECURITY;724915294;prcsncube67@gmail.com;
KOKOBELO CLEANING SERVICES;114030041;ndo@kokobelo.co.za;
ZESULIWE CLEANING SERVICES;736043750;zesuliwecleaningservices@mobileemail.vodafonesa.co.za;
TSIDKENU LABOUR SERVICES;763533291;robertson.tlservice@gmail.com;
JACOBS GENERAL CLEANING;711082425;jacobsbusinessservice@gmail.com;
THE RHEE CLEANING SERVICES;119331495;refiloe@therheeservices.co.za;
SIKHONA GROUP;419924140;uic@mweb.co.za;
AMANCOTSHE CLEANING SERVICES (PTY) LTD;217035533;amancotshe.cleaning.services@gmail.com;
MAINE CONSTRUCTION AND PROJECTS;164228528;maines@webmail.co.za;
PHATSHIMA CLEANING SERVICES;114123841;phatshima@wol.co.za;
LOCAL LAUNDRY;798973947;mimi@cmind.co.za;
ZITHULELE NOMDAYI TRADING;732550296;zithulele.trading@nokiamail.com;
EUNICE QUSEKA DEVELOPMENT SERVICES CC;848213957;eunicequshake@gmail.com;
MABLANDZELA CC;720964739;;
ACTIVE CORPORATE CLEANING SERVICES (PTY) LTD;116093317;sales@activeservices.co.za;
SINETHAMSANQA CLEARNING AND PROJECTS PTY LTD;738651072;;
ABSA ONE CALL HOME SOLUTION;861012255;enquires@one-call.co.za;
WALLA ENTERPRISE & CLEANING;536314378;blanche.walla@gmail.com;
FEDICS (EDMS) BPK;315716300;kdavies@fedics.co.za;
T A HENNINGS AND ASSOCIATES;217090058;;
SOAP WORLD;169821500;lizzardguesthouse@telkomsa.net;
LANDELANI CLEANING SERVICES CC;118735662;mk.landz@telkomsa.net;
LINDA'S CLEANING & PROJECTS;783855093;;
PRESTIGE CLEANING SERVICES (PTY) LTD;117946256;;
KGOROYABOHLE TRADING;537120423;molokomphai@yahoo.com;
TLD CLEANING SERVICES;119418278;tldtradings@gmail.com;
NABELA GENERAL TRADING;837612407;nabelagt@gmail.com;
AMANCOTSHE CLEANING SERVICES (PTY) LTD;217035533;amancotshe.cleaning.services@gmail.com;
MASITHI TRADING;215343247;;
METRO CLEANING SERVICES;768838831;abrahampatrick415@gmail.com;
ESPHIWEZININGI (PTY) LTD;713577475;makhumalo85@gmail.com;
ACADEMY ACTIVE CLEANING SERVICES CC;119489366;;
MOMPATI CLEANING SERVICES;828636159;;
VELOCITY GROUP AFRICA;315662281;info@velocitygroupafrica.com;
DITHAGA CLEANING;117626988;;
XTLG SECURITY AND CLEANING SERVICES;437222733;xtlg@gmail.co.za;
COMPACK;217039674;;
WOMEN @ WORK CLEANING SERVICES CC;824994461;women.work@iburst.co.za;
CARPET CLEANING & ADVISORY SERVICES;114351333;;
PLUTO CLEANING SERVICES;215113434;nceba.buhlungu@yahoo.com;
HMDS SECURITY & CLEANING;827120493;;
ABASEMONTI CLEANING & GARDEN SERVICES;826997749;abasemonti@yahoo.com;
FEDICS (PTY) LTD;315716300;kdavies@fedics.co.za;
ZONE CHEMICALS KZN (PTY) LTD;317024584;;
BIBLIOTEKE;123587911;leroyd@tshwane.gov.za;
LEPRO CLEANING SERVICE;105922699;lendlovu@lepro.co.za;
ANTIQUE SILVER REPAIRS;116407789;antiquesilver1@vodamail.co.za;
STATUS CLEANING SERVICE;317763669;lee@ftsdurban.co.za;
DIMBAMUSUKUME CLEANING SERVICES;616472754;musukume@webmail.co.za;
GENERAL CLEANING SERVICES CC;315637739;admin@generalcleaning.co.za;
IKETSETSE TRADING ENTERPRISE;846313705;;
RUDO SERVICES AND MAINT CC;123435919;mnyakakingston@gmail.com;
SUPERGEL;117332915;;
NABELA GENERAL TRADING;837612407;nabelagt@gmail.com;
AMANCOTSHE CLEANING SERVICES (PTY) LTD;217035533;amancotshe.cleaning.services@gmail.com;
TP CLEANING SERVICES;737661103;cleaningtp@gmail.com;
LELAM NGEKWAZI GENERAL TRADING;783649452;ngwera93@yahoo.com;
ACTIVE CORPORATE CLEANING SERVICES (PTY) LTD;116093317;sales@activeservices.co.za;
ROYAL BIN INSPECTORS;215342935;madeegha1@yahoo.com;
ESSENTIAL CLEANING SERVICES CC;860025326;inquiry@essential.co.za;
UBUNTU BOTHO PROJECTS.;829596193;mokoenadn@yahoo.com;
MAKJUS TRADING AND PROJECTS CC;176470536;makjus@hotmail.com;
VIBRANT CLEANING SERVICES;828513930;;
SOWINI GENERAL TRADING CC;832498623;ndzakana.yaziwe7@gmail.com;
N C S FIRE & FLOOD RESTORATION;861135663;ryan.smuts@yahoo.com;
MONITOR DISTRIBUTORS CC;312748555;;
DRY FORCE;860800800;;
BOVU PUMPS;836085346;bovugroup@telkomsa.net;
GO BIG GROUP;317652420;info@gobigprojects.co.za;
STARLIGHT SECURITY SOLUTIONS;437260523;starslight@blue-crane.co.za;
ETHEKWINI MUNICIPALITY (D S W);313111111;neerigo@dmws.durban.gov.za;
CHEMSTRAT INDUSTRIAL CC;123270344;info@chemstrat.co.za;
BLINDS BY BENNETT CC;129429985;blindsbybennett@absamail.co.za;
CHEM-DRY;802436379;admin@chemdry.co.za;
CLARIANT;119295800;clariant@clariant.com;
GCP APPLIED TECHNOLOGIES;119234631;deon.vandenberg@grace.com;
5 STAR ROOFING & WATERPROOFING;319430888;info@5starwaterproofing.co.za;
FAB WATER ENGINEERING CC;117927346;info@fabwater.com;
CARPET CLEANING SOLUTIONS;832720843;;
CORE HYGIENE & PEST CONTROL SERVICES;835549641;info@coreservices.co.za;
HENCHEM ENVIRONMENTAL SOLUTIONS;824165077;enquiries@henchem.co.za;
AMANDLA WATERJETTING;314650771;turbojet@iafrica.com;
DEMARU-FILACON SA CC;116092436;filacon@global.co.za.;
SUPER CLEAN CLEANING SERVICES;313034141;sclean@iafrica.com;
La Fancy Kay (Pty) Ltd;132317005;info@lafancykay.co.za;
PUMPTRON (PTY) LTD;215526036;deon@pumptron.co.za;
PLASTERKEY;118222320;shakchem@global.co.za;
HYCHEM (CAPE) (PTY) LTD;215516225;0215516240@efg.co.za;
NORTHERN CLEANING SERVICES ZULULAND CC;357871535;ncsz@iafrica.com;
Z C N BUSINESS ENTERPRISES;333424300;zcn@telkomsa.net;
ZWANE TRADING CC;319094863;yinigi@zwanestradingenterprise.co.za;
GREEN DIAMOND ENVIRONMENTAL CONSULTANTS;313091204;;
INTERLINK ENGINEERING & CLEANING CONSULTANTS CC;119631300;rudi.interlink@telkomsa.net;
NOZIHLE CLEANING SERVICES;137525625;gm@nozihlecleaningservices.co.za;
SWISS CLEAN CC;118075724;;
BRAINWAVE PROJECTS 190CC;215105496;jerome@brainwave-projects.com;
AMAKOSI SALES & MARKETING;113621134;amakosi@telkomsa.net;
WASTEMAN HOLDINGS (PTY) LTD;828813181;southafrica@averda.com;
PERSONAL CLEANERS HOSPITALITY;214474458;info@personalcleaners.co.za;
VAALCON INDUSTRIAL CLEANING & LABOUR HIRE;169762859;vaalcon@cyberserv.co.za;
PRETORIUS L M DR;116647146;finansies@drpretorius.co.za;
DURBAN SPECIALITY CHEMICALS CC;315727706;mike@dschem.co.za;
FILACON PRODUCTS CC;116092436;filacon@global.co.za;
BIDVEST STEINER;537120022;roelofn@steiner.co.za;
TSHWANE HYGIENE SERVICES;620241703;maleboscleaningservices@webmail.com;
PHOFUNG CLEANING SERVICES;587130608;;
WINDOW MAGIC;219752946;windowmagic@telkomsa.net;
K C K ELECTRONICS CC;114210788;ultrasonic@iburst.co.za;
CLEANER CEILINGS;118692271;ceilings@icon.co.za;
TRIPLE POWER DIRECT;126441755;sales@mashold.co.za;
MARTIN'S BLINDS;828065993;martinblinds@telkomsa.net;
CARPET CLEAN MACHINE;116403231;;
CASCADE CHEMICALS;114937610;sales1@cascadechem.co.za;
KWAKUHLE HYGIENE;114311799;info@kwakuhle.co.za;
CARPET CLINIC;448741135;eleasespeling@gmail.com;
ASBESTOS MANAGEMENT SERVICES;114831854;greg@asbestosms.co.za;
MANSFIELD STEAM LAUNDRY;315771933;mansfieldlaundry@gmail.com;
INCREDICLEAN CC;118233053;info@incredi-clean.com;
EDELWEISS PHARMACEUTICALS;217885053;sales@ewpharma.com;
ON-SITE CLEANING;219100221;magda@onsitecleaning.co.za;
BLENDWELL CHEMICALS (PTY) LTD;118059940;info@blendwell.co.za;
CARPET CLEANING SYSTEMS;117643135;wfsmook@mweb.co.za;
ORICOL ENVIRONMENTAL SERVICES (PTY) LTD;414532911;;
CLEANING TECHNOLOGIES;126645825;service@thehrsgroup.co.za;
COASTLINE ASBES REMOVAL & DEMOLITION;285143105;;
NEW LOOK PAINTING AND RESTORATION;617400722;;
GEA WESTFALIA SEPARATOR (PTY) LTD;448730777;andrew.simpson@gea.com;
SILWAYIPHI CLEANING & SECURITY SERVICES;827073913;info@silwayiphi.co.za;
COASTLINE GUTTERS;285143222;coastline@telkomsa.net;
STEAM CLEANING SERVICES;834905964;skerrigan@telkomsa.net;
SHINE A BLIND SERVICES;123355152;shineablind@redcactus.co.za;
TOPROPE CC;113971427;;
CHEMKLEEN;137527406;;
GUTTER EXPRESS;446931121;kodakanja@telkomsa.net;
SILVER CRAFT;214234463;stanford.silvercraft@absamail.co.za;
MUSENGAVHADZIMU BUSINESS ENTERPRISE;110243412;info@musenga.co.za;
ABYX MANUFACTURING CC;128032315;sales@abyx.co.za;
SECHABA SABA TLOKOA;366317554;qedusizisecurity@telkomsa.net;
SYSTEM RESTORATION TECHNOLOGIES CC;215513591;;
LALLA'S CLEANING RAGS;313372791;industrialwipes@telkomsa.net;
VULITHUBA CLEANING SERVICES CC;311201178;;
WASH-O-MATIC LAUNDRY;445332990;;
BELLA GARDENS (PTY) LTD;119161234;accounts@bellagardens.co.za;
CARPET AND CLEANING SPECIALISTS;793022418;;
E-MZANTSI MTHEMBU CLEANING AND DISTRIBUTION;119883484;;
RUG DOCTOR PRO;129916471;rugdoctor@telkomsa.net;
PEMSA TECHNOLOGIES (PTY) LTD;116097264;info@pemsa.co.za;
LYNX CHEMICALS CC;118875510;lynxsupply@polka.co.za;
WATCHARM SECURITY;730174043;ernests@watcharm.co.za;
ENCEE VISION;843559591;itricmachinda@ymail.com;
C I M;317008617;dbnreception@cim.co.za;
RATEL RISK SOLUTIONS;716414307;info@ratelrs.com;
QUSH SECURITY SERVICES;437221990;noleneharvey@telkomsa.net;
ACC GROUP (PTY) LTD;764866105;alidab@outlook.com;
PRESTIGE CLEANING SERVICES;117911085;;
RUMBROB INDUSTRIAL & MINING SUPPLIES;117604603;;
ABOVE AND BEYOND MARKETING;413602428;tudehope@eject.co.za;
NEW VISION CLEANING & PROJECTS;218455343;mandisa.maputsi6@gmail.com;
XTREME BUILDING CLEANING (DO NOT CALL);113141902;;
DUMOLIHLE SECURITY & CLEANING SERVICES;110391994;clemie12345@yahoo.com;
SSP CLEANING;217120409;;
NHLANHLA LESEGO'S TRADING & PROJECTS;786415771;nhlanhlamahlangu21@gmail.com;
SAWADOGO GENERAL TRADING;116147076;abu@sgtrading.co.za;
SWIFT CARPET RUG AND UPHOLSTERY CLEANERS CC;329460777;swift@telkomsa.net;
LYNX CHEMICALS CC;118875510;lynxsupply@polka.co.za;
ANGELS PROJECTS;738686838;nhangelsprojects@gmail.com;
WATCHARM SECURITY;730174043;ernests@watcharm.co.za;
MARLENE'S CLEANING ENTERPRISE;136927832;;
ENCEE VISION;843559591;itricmachinda@ymail.com;
IMBALANE CLEANING & PROJECTS;312010725;;
ACC GROUP (PTY) LTD;764866105;alidab@outlook.com;
MBOKOTHO CLEANING SERVICES;835597725;elliotqokela@gmail.com;
RECKITT BENCKISER SOUTH AFRICA (PTY) LTD;118711611;tersia.loots@rb.com;
NEW VISION CLEANING & PROJECTS;218455343;mandisa.maputsi6@gmail.com;
T S MARKETING;152231088;info@tsmarketing.co.za;
CLEAN SUPREME;825530325;ameldajvr@mweb.co.za;
NELA KAHLE 53 CC;357511744;nelakahle@telkomsa.net;
INDLOVUKAZI CLEANING SERVICES (PTY) LTD;783661759;ndlovu.bongiwe@rocketmail.com;
SHAEDA'S CLEANING SERVICES;112346987;shaedag@telkomsa.net;
TOP CLASS CLEANING SERVICES;715358428;discountpaving@telkomsa.net;
BELLA GARDENS (PTY) LTD;119161234;accounts@bellagardens.co.za;
ARCADIA DRY CLEANERS;123436040;;
CLEAN HOUSE;838997866;;
ORANGE OPERATIONS;317018245;office@orangeoperations.co.za;
IMBALANE CLEANING & PROJECTS;312010725;;
AUBERT PIPE & PROFILE SOLUTIONS;118233122;info@aubertpipesystems.co.za;
VERTICAL LOGIC ROPE ACCESS;728750278;;
OKAPI DRY CLEANERS;833976030;;
MBOKOTHO CLEANING SERVICES;835597725;elliotqokela@gmail.com;
SPRINGCLEAN QUEENS;219820130;;
TAGS CLEANING SERVICES;832523443;tagssuppliers@gmail.com;
ABOVE AND BEYOND MARKETING;413602428;tudehope@eject.co.za;
SUPER CHAR;824224211;;
CYRIS SERVICES CRIME SCENE CLEANING AND MORE;828012933;Chantal@ctscsa.co.za;
JUSTICE REMOVALS;732258472;mjusticetafirenyika@hotmail.com;
CLEAN SUPREME;825530325;ameldajvr@mweb.co.za;
HYDRO JETTING AND INDUSTRIAL CC;314664618;;
PRESTIGE CLEANING SERVICES;117960026;;
SHAEDA'S CLEANING SERVICES;112346987;shaedag@telkomsa.net;
NHLANHLA LESEGO'S TRADING & PROJECTS;786415771;nhlanhlamahlangu21@gmail.com;
ARGON SERVICES;114767914;mwpo7@telkomsa.net;
BELLA GARDENS (PTY) LTD;119161234;accounts@bellagardens.co.za;
CARPET AND CLEANING SPECIALISTS;793022418;;
LIWALAM TRADING CC;338189553;liwalamtrading@yahoo.com;
E-MZANTSI MTHEMBU CLEANING AND DISTRIBUTION;119883484;;
RUG DOCTOR PRO;129916471;rugdoctor@telkomsa.net;
ORANGE OPERATIONS;317018245;office@orangeoperations.co.za;
MARLENE'S CLEANING ENTERPRISE;136927832;;
C M C IMPROVEMENTS;865421202;;
TYKAR CLEANING SERVICES CC;325336921;tykar@polka.co.za;
QUSH SECURITY SERVICES;437221990;noleneharvey@telkomsa.net;
VERTICAL LOGIC ROPE ACCESS;728750278;;
PRESTIGE CLEANING SERVICES;117911085;;
RECKITT BENCKISER SOUTH AFRICA (PTY) LTD;118711611;tersia.loots@rb.com;
THAT LAUNDRY;318227465;nitesh@mplanet.co.za;
TAGS CLEANING SERVICES;832523443;tagssuppliers@gmail.com;
PHAMBILI CIVILS AND PROJECTS;760888243;;
SUPER CHAR;824224211;;
HYDRO JETTING AND INDUSTRIAL CC;314664618;;
PUMEZA TRADING;213602040;nomhisukani@gmail.com;
SITE SERVE SERVICES;834607661;jlcombrinck@telkomsa.net;
MARPROZEP MANUFACTURING CO;219310284;natasha@marprozep.co.za;
CLEAN HOUSE;838997866;;
RENAISSANCE CLEANING SERVICES CC;116422600;mmanzini@worldonline.co.za;
NO NONSENSE CLEANING SERVICES;123234555;nononsense.cleaningservices@gmail.com;
QUSH SECURITY SERVICES;437221990;noleneharvey@telkomsa.net;
ACC GROUP (PTY) LTD;764866105;alidab@outlook.com;
MANTHISA MTHISWA INDUSTRIAL CLEANING SERVICES;165929368;manthisa@ovi.com;
ULTIMATE CLEANING SERVICES;829220810;anver@ultimatecleaning.co.za;
MBOKOTHO CLEANING SERVICES;835597725;elliotqokela@gmail.com;
RECKITT BENCKISER SOUTH AFRICA (PTY) LTD;118711611;tersia.loots@rb.com;
LALI SECURITY AND CLEANING SOLUTIONS;213700036;;
ABOVE AND BEYOND MARKETING;413602428;tudehope@eject.co.za;
PHAMBILI CIVILS AND PROJECTS;760888243;;
RENT & CLEANER;176343455;;
CLEAN SUPREME;825530325;ameldajvr@mweb.co.za;
SSP CLEANING;217120409;;
SHAEDA'S CLEANING SERVICES;112346987;shaedag@telkomsa.net;
TYKAR CLEANING SERVICES BK;325336921;;
SITE SERVE SERVICES;834607661;jlcombrinck@telkomsa.net;
YOUNG BLOOD SERVICES;419910732;sakumzi@ybcs.co.za;
E-MZANTSI MTHEMBU CLEANING AND DISTRIBUTION;119883484;;
RUG DOCTOR PRO;129916471;rugdoctor@telkomsa.net;
PEMSA TECHNOLOGIES (PTY) LTD;116097264;info@pemsa.co.za;
CLEAN HOUSE;838997866;;
C M C IMPROVEMENTS;865421202;;
TYKAR CLEANING SERVICES CC;325336921;tykar@polka.co.za;
SCS CLEANING SERVICES;210000464;sangonip@gmail.com;
ROSBON ROPE ACCESS;717367952;deon.ropeaccess@gmail.com;
K'ARCHER CENTRE PWV (PTY) LTD;114449005;les@trimspares.co.za;
TYKAR CLEANING SERVICES CC;325336921;;
THAT LAUNDRY;318227465;nitesh@mplanet.co.za;
TAGS CLEANING SERVICES;832523443;tagssuppliers@gmail.com;
NEW VISION CLEANING & PROJECTS;218455343;mandisa.maputsi6@gmail.com;
XTREME BUILDING CLEANING (DO NOT CALL);113141902;;
ZUSIMANYE CLEANING & PROJECTS;847710918;;
SUPER CHAR;824224211;;
CYRIS SERVICES CRIME SCENE CLEANING AND MORE;828012933;Chantal@ctscsa.co.za;
JM CLEANING SERVICES (PTY LTD);865526565;matome@maponyaall.co.za;
PRINSLOO & ZEEMAN (CAPE) (PTY) LTD;212004487;;
SAVANNAH FINE CHEMICALS (PTY) LTD;118564500;;
MR GUTTER CC;169877009;info@mrgutter.co.za;
SAWYER GROUP;117631045;info@sawyergroup.co.za;
A B A TREE FELLERS CC;827863225;vic.dryfirewood@gmail.com;
PUMP SHOP THE;117937433;mwpshop@mweb.co.za;
BOREHOLE DRILLING-COETZEE DRILLING CONTRACTORS;836277837;jacoetzee@lantic.net;
ROOFING 911 CC;217013031;roof911@netactive.co.za;
FLUIDRA WATERLINX (PTY) LTD;118730605;customercare@waterlinx.co.za;
WIND-O-WASH CC;217042700;admin@windowash.co.za;
A & H SALVAGE;216923384;info@mescpt.co.za;
H2O DRILLING;828283344;venter.daan@vodamail.co.za;
KINGS DRAINS & SEPTIC;861546477;info@kingsriool.co.za;
CHEMICAL CLEANING SYSTEMS SA (PTY) LTD;114302800;chemsys@global.co.za;
RAND AIR;169768598;rand.air@za.atlascopco.com;
SPARKLE PRODUCTS;215111287;lg@sparkle.co.za;
ALLSTEAM ENGINEERING CC;118681516;info@allsteam.co.za;
PEST MASTER;437433637;pestm@mweb.co.za;
EDENTEC INDUSTRIAL (PTY) LTD;114528790;michaelay@edentec.co.za;
EXPRESS PLUMBING;861400500;jetting@lantic.net;
G S LAVED;827478022;gabi@gslaved.co.za;
SKYLINE FREIGHT (PTY) LTD;113962030;reception@skylinegroup.co.za;
SAVANNAH FINE CHEMICALS (PTY) LTD;215515353;michael.smit@savannah.co.za;
PROMINE CC;184622335;promine@gds.co.za;
UMHLANGA POOL SERVICES;315613105;info@umhlangapools.co.za;
AFRICA TRANSCO CARGO SYSTEMS;824657675;admin@transcosa.co.za;
AQUA-TECH DIVING SERVICES CC;313013631;info@aquatechdivingservices.com;
BITFLO CHEMICALS;219491313;johan@automotivedynamix.co.za;
ERNEST ELECTRO ENGINEERING (PTY) LTD;117929550;eeeaman@mweb.co.za;
T D K AGENCIES;315691622;sales@tdkagencies.co.za;
BORDER ROOFING;437415091;borderroofing@absamail.co.za;
SKYWATER GUTTERING;216836506;pierre@skywater.co.za;
STANGER CARPETS;325511790;stangercarpet@telkomsa.net;
TOP CARPETS & FLOORS;879413300;admin@topcarpetsladysmith.com;
BLINDS CLEANING;123491227;;
BIDVEST (GEORGE);448740717;;
SK INDUSTRIAL SOLUTION;716386524;gregschutte@telkomsa.net;
DIAMOND PLUMBING;152988491;diamondplumb@mweb.co.za;
PRETORIA TRACTOR SPARES;123359127;marius@ptsfilters.co.za;
CHEMSOLVED;832778377;info@rvrprojects.net;
GUGULETU DENTAL CLINIC;216379055;;
ALBION CHEMICAL CO (PTY) LTD;866113285;info@albex.co.za;
CENTRAL CITY IMPROVEMENT DISTRICT;214191881;info@ctcid.co.za;
GUTTERS INTERNATIONAL;837865487;gutters@telkomsa.net;
BOVU PUMPS;836085346;bovugroup@telkomsa.net;
ACO CHEMICALS;414510905;;
JOE MDELE CHROMADEK GUTTER & ELECTRICAL;826263374;joeschromodek@gmail.com;
MILSTEIN;114546264;milstein@global.co.za;
IKE CHEMICALS GEN SUPPLIES TRADING & PROJECTS;123234368;selepe.koketso@gmail.com;
PUMPS RELATED SERVICES CC;219819559;pumpsrelated@hotmail.com;
FINE ORGANICS CHEMICALS (EDMS) BPK;118681139;;
CHEMICAL TECHNIQUES;116802516;info@chemicaltechniques.co.za;
COELANIE;834598638;lourise@coelanie.co.za;
JOEKOOL;114131833;zana@jasair.com;
AFRIC TRADING (PTY) LTD;145966042;paulafric@lantic.net;
RITZ PUMPS SA;113975616;chris@ritzpumps.co.za;
TINDALL RENTON DR;315631665;info@rtortho.co.za;
PROBIOKASHI (PTY) LTD;218652188;info@probio.co.za;
UNILEVER SA (PTY) LTD;115400400;vivian.naicker@unilever.com;
LEATHER WORKS UNLIMITED;313072591;leatherworks@telkomsa.net;
NSRI;214344011;info@searescue.org.za;
MONTANA LAUNDRIES & EQUIPMENT;116098827;brian@firstgarment.co.za;
RUG DOCTOR PRO (WEST RAND);119555550;rugdoctorpro@telkomsa.net;
CAPE DRAIN CLEANERS;217046933;idealplumbers@xsinet.co.za;
MARINE AND GENERAL CLEANING SERVICES CC;215521168;mgclean@telkomsa.net;
MARINE AND GENERAL CLEANING SERVICES CC;215521168;mgclean@telkomsa.net;
PERSIAN CHARM;313038814;info@persiancharm.co.za;
MAINCHEM MANUFACTURING;117632635;info@chemsys.co.za;
IKE CHEMICALS GENERAL SUPPLIES TRADING & PROJECTS;123234368;selepe.koketso@gmail.com;
LINE-UP LAUNDRY & IRONING SERVICES;474918376;nkush2000@yahoo.co.uK;
DETEK;123491966;andrev@deneldynamics.co.za;
PERSIAN HOUSE INTERNATIONAL;117830701;;
SERVICE MASTER;333972233;customercare@servicemaster.co.za;
VACUUM & FLUID TECHNOLOGY CC;219492265;admin@vft.co.za;
BUBBLE PLACE LAUNDRY SERVICES;333864865;midlandslaundry@tctech.co.za;
INDUSTRIAL GUTTERING (KZN);314620375;industrialgutterskzn@webmail.co.za;
ORAPI AFRICA (PTY) LTD;114545138;info@orapiafrica.co.za;
CLEAN WAY;218526007;info@cleanway.co.za;
QCOOL VENTILATION & AIR CONDITIONING;217625601;info@qcool.co.za;
JETRITE;117948581;info@jetrite.co.za;
KARBOCHEM (PTY) LTD;169701911;Martiebo@karbochem.co.za;
LIONHEART CHEMICAL ENTERPRISES (PTY) LTD;119171780;lionhrtm@global.co.za;
ASP ROPE ACCESS (PTY) LTD;312054913;asp@aspropeaccess.com;
P GOUNDEN AND SONS CC;313322924;info@pgspainter.co.za;
SEDA;183919900;mmoseki@seda.org.za;
NALEDZI ENVIRONMENTAL CONSULTANTS;152963988;info@naledzi.co.za;
PIKA CHEMICAL & TECHNICAL;218516129;afritech@mweb.co.za;
EXPRESS DROOGSKOONMAKERS & WASSERY;448730189;;
ACTIVE CARPET CLEANERS;833307263;active02@telkomsa.net;
ENVIROSERV WASTE SOLUTIONS (PTY) LTD;118178300;laloov@enviroserv.co.za;
CRYSTAL BLUE LAUNDRY SERVICES;114225245;rakeea@telkomsa.net;
EMUNAH WASTE MANAGEMENT (PTY) LTD;116646012;karin@emunahwaste.co.za;
CUSTOM LIFESTYLE SHUTTERS;114690745;hugh@styleshut.co.za;
MICHEM CLEANING SUPPLIES;137553326;mia@michem.co.za;
KENCHEM;118871371;;
QUALITY DRY CLEANERS & LAUNDRY;123439292;qualityenterprises928@gmail.com;
PRB ENGINEERING;218537550;prbeng@iafrica.com;
KZN TISSUE;333461190;info@kzntissue.co.za;
HIGHWAY SEPTIC TANKS & DRAINS;317658637;hst@telkomsa.net;
DURAMAID CLEANING PRODUCTS;119754759;sales@karcherclinic.co.za;
TONY SERVICES PAINT CONTRACTOR;446981144;caroton@telkomsa.net;
PINELANDS GARDEN SERVICE;215313217;gardens@eject.co.za;
GARDEN HELP (PTY) LTD;117829828;gardenhelp@telkomsa.net;
HERIZ GALLERY;114657154;info@herizgallery.co.za;
PILOT CRUSHTEC (SA) (PTY) LTD;118425600;yolandad@pilotcrushtec.com;
ANDERBOLT SHOTBLASTING;118921591;colin.giles@anderbolt.co.za;
BLIND SPECIALIST;317055654;;
CLEAN CARE SERVICES;125656110;clcase@mweb.co.za;
CURVENT INTERNATIONAL (PTY) LTD;118265959;ronel@curvent.co.za;
M M M LAUNDRY;125439085;vilcorda@gmail.co.za;
COURLANDER'S AGENCIES (PE) (PTY) LTD;415818787;rod.lumsden@telkomsa.net;
ABANTU ROOFING CC;317011270;roofing@telkomsa.net;
SEALED AIR AFRICA (PTY) LTD;118719000;;
L & L CARPET & UPHOLSTERY CLEANERS;215934406;keichelei@africa.com;
BLASTECH;355502007;mpc@yebo.co.za;
DIRECT CLEANING SOLUTIONS;117929044;;
W C S BAKERY SUPPLY SERVICES;119029922;wcs3@afrihost.co.za;
KNIGHTS-RAYSON;312011318;k-rayson@iafrica.com;
MATLOGA SDD DR;152912214;matlogaorthod@gmail.com;
TIP TOP CLEANERS CC;118153513;tip-top@lantic.net;
VAAL CLEANING EQUIPMENT;164225678;vce@vodamail.co.za;
SMITIES POOLS;126674699;smities@smitiespools.co.za;
PUMP CONTROL SYSTEMS;218534104;pumpcontrol@mweb.co.za;
NHLANGANO HYGIENE SERVICES;132461239;nhlangano@telkomsa.net;
HENRI LIDCHI AND COMPANY;117285689;;
SWAN INDUSTRIAL GARMENT PROCESSING;215115784;steve@exelfreight.com;
CJZ CONSTRUCTION & RENOVATIONS (PTY) LTD;849151943;cjzconstructionrenovations@gmail.com;
SOLITAIRE SOLUTIONS;119763534;;
ROUX VERSPREIDERS BK;543326044;wilma.vanwyk@defy.co.za;
GWENDA'S LAUNDRY;283121966;pjrob@webmail.co.za;
H H KONSTRUKSIE BK;126542715;hhconstruction@yebo.co.za;
BREEDT MATTE;119722114;breedt123@gmail.com;
LIONS SQUARE LAUNDROMAT;218516932;deanna.niemand@gmail.com;
HYCHEM (MPUMALANGA) (PTY) LTD;137551766;;
DA GAMA LAUNDRY AND DRY CLEANERS;446904747;info@.da.gama.laundry.com;
LAUNDROMAT SPOEL 'N SPLASH;118675810;coetz.elizelisie@gmail.com;
WISHY WASHY LAUNDRY SERVICES;147174828;;
COLUMBIA CARPETS & BLINDS;537121961;;
RAMBAIT TRADING;782093072;rambait-tradings@gmail.com;
NORTHERN POOLS;117041880;;
DYNAMIC CLEANING SOLUTIONS;215114444;info@dynamic-cleaning.co.za;
ESTAVISION SANITARY & PLUMBING;413641027;estavisiongroup@gmail.com;
BENRI BLINDS AND AWNINGS;164282162;;
SHANELA ENVIRONMENTAL MANAGEMENT;317018030;shanela@mweb.co.za;
CREATIVE TECHNOLOGIES MARKETING (EDMS) BPK;118821157;creativetech@telkomsa.net;
SHEFFIELD ELECTRO-PLATING & ENAMELLING WORKS (PTY) LTD;113341102;;
SHEFFIELD ELECTRO-PLATING & ENAMELLING WORKS (PTY) LTD;113341102;;
MOORREESBURG WASSERYE;813677343;;
AMRA I DR;214481870;iamra@uwc.ac.za;
ADA (TZANEEN);153071990;adatzn@imaginet.co.za;
EXPRESS HYGIENE;315776036;express@saharaonline.co.za;
FORMULA ONE CAR WASH;314661565;wayne@f1carwash.co.za;
SONIC CLEAN;215117122;dre@dre1.co.za;
ROBERTSON VENTILATION INDUSTRIES;116084640;ericw@robventind.co.za;
MULTITERGENT (GAUTENG);117627131;;
PLETT INDUSTRIAL LAUNDRY;445334776;plettlaundry@telkomsa.net;
CARPET CLEANING & MACHINE HIRE;117949206;colinmccawl@absamail.co.za;
DOHERTY;114471188;;
ANK-SYSTEMS CC;824656252;wolfgang@zonemail.co.za;
EVERSTREAM;799343701;;
TSHEPISHO TRADING & PROJECTS;734317436;tshepishotrading@hotmail.com;
VCOR GROUP CENTURION;815583533;accounts@vcor.co.za;
ALWAYS COOL TECHNICAL SERVICES;184624411;alwayscool.ola@webmail.co.za;
CYCLO SA (PTY) LTD;117661153;info@cyclosa.co.za;
DESIGNER CARPETS;317018384;;
WEATHER BLINDS;215101320;info@weatherblinds.co.za;
KOFI SECURITY SERVICES;414591555;;
SIYAPHAMBILI SERVICES (PTY) LTD;840897036;mawakatomose2@gmail.com;
ZANEBRO PROJECTS;318295078;nkunzis@yahoo.com;
PROMINENT CLEANING SERVICES;861625326;;
AFRICA CLEANING SERVICES;861424844;info@africacleaning.co.za;
CONEXUS (PTY) LTD;112757000;kate.slade@synovate.com;
MBA PAINTERS;839406266;mbapainters0@gmail.com;
P.G ROOFING WATERPROOFING & MAINTENANCE;733513889;;
WENZILE PHAPHAMA TRADING PROJECTS CC;137527700;jerry.ndala@wenzile.co.za;
PLETT INDUSTRIAL LAUNDRY;445334776;plettlaundry@telkomsa.net;
SPRING FRESH;113264890;bluecom@findit.co.za;
JADE CLEANING SERVICES;836839112;wendy@jadecleaning.co.za;
SILVERTON RADIATORS (ROODEPOORT);117601801;silvertonrad@absamail.co.za;
PLUSH LEATHER CARE;114661602;;
SHALOM UNISEX HAIR SALON;737554854;;
AFRICAN PAN COMPANY;119144724;info@breadpansafrica.co.za;
CARPET CLEAN CENTRAL;118888984;info@carpetcc.co.za;
ELWAAN CHEMICAL MANUFACTURING;843295841;0415036712@efg.co.za;
RED ALERT SECURITY;113922235;;
PERFECT CARPET CLEANERS;714421210;sbu@perfectcarpetcleaners.co.za;
SIYAZAMA CLEANING AND PAINTING CONTRACTORS;218895307;sIyazama2012@yahoo.com,ntilashe.s@gmail.com;
SLAM POOL CARE;116803938;info@slampoolcare.co.za;
GUTTERS 911;715684332;;
ETHEKWINI ROOF CLEANING;782854749;;
P.G ROOFING WATERPROOFING & MAINTENANCE;733513889;;
CARPET CLEANING & MACHINE HIRE;117949206;colinmccawl@absamail.co.za;
MARPROZEP;116094107;;
CYNEP EXPRESS LOGISTICS;313687338;kevinh@cynepexpress.co.za;
LABOUR GUARD SECURITY;113250664;;
WINDSOR BLINDS & CURTAINS;317111034;info@windsorblinds.co.za;
MONDLOTSHA STAFFING SOLUTIONS;137378503;mondlotshastaffing@rocketmail.com;
RENT A MAID - MIDRAND;791171928;midrand@rentamaid.co.za;
CARPET CLEAN CENTRAL;118888984;info@carpetcc.co.za;
VERIMARK - NORTHGATE;117942638;info@verimark.co.za;
WEATHER BLINDS;215101320;info@weatherblinds.co.za;
BEN VAN WYK BOEREDIENSTE;515233608;benna@boeredienste.co.za;
NKOWANE PAINT AND CONSTRUCTION;781679377;;
PEPSTORE (MAFIKENG);183812067;;
BLINDVALET;118672866;bkj@blindvalet.co.za;
MASAKHANE MAINE SECURITY;164214380;info@mmjsecurity.co.za;
AFRICAN COMPASS TRADING 800 CC;217620187;radebemw@yahoo.com;
GATEWAY DRY CLEANERS & LAUNDRY CC;126610028;tsakasa@justice.gov.za;
JAMJAM CONSTRUCTION;736640879;;
SIMCAH TRADING (PTY) LTD;724542627;;
SANDTON POOL RENOVATORS CC;823327253;brendawilliams@sandtonpools.co.za;
DOG PARLOUR FLORIDA;116729453;;
SPRING FRESH;113264890;bluecom@findit.co.za;
ALWAYS COOL TECHNICAL SERVICES;184624411;alwayscool.ola@webmail.co.za;
FRENOVATIONS;219190919;frenovations@polka.co.za;
ATHREND CHEMICALS PTY LTD;152940780;sales@arthrendchemicals.co.za;
DESIGNER CARPETS;317018384;;
PAVE KLEENE & SEAL;117282720;pavekleene@mweb.co.za;
RAVATS PERSIAN CARPET GALLERY (PTY) LTD;126668625;;
MAPOGU SECURITY;873540726;;
J.F STEAMCLEANER SERVICES;117440222;jfsteam@worldonline.co.za;
PEP STORES;125491790;;
LAVENDER BLUE LAUNDROMAT;152976455;sereteledi@polka.co.za;
SWAN INDUSTRIAL GARMENT PROCESSING (EDMS) BPK;215115784;;
MASAKHANE MAINE SECURITY;164214380;info@mmjsecurity.co.za;
VERIMARK - EASTGATE;116151277;;
MAKATHINI;727519946;;
THE DRAIN SURGEON;164271070;drainsurgeon@lantic.net;
AQUATIC ARCHITECTURE & CONSTRUCTION;118243304;;
NEL WALLY DR;114250773;mad@orthodontics.co.za;
ACO CHEMICALS;414510905;;
DOHERTY;114471188;;
SPRING FRESH;113264890;bluecom@findit.co.za;
SUPER VISION GARDEN SERVICES CC;317623155;0317623155@efg.co.za;
CYCLO SA (PTY) LTD;117661153;info@cyclosa.co.za;
LEVINGERS;114830484;;
MISS A VENTER;317056554;dnasales@telkomsa.net;
LOVERBOY CONSTRUCTION CC;112640380;;
WEST PACK EXPRESS BLAIRGOWRIE;100350308;wponline@westpacklifestyle.co.za,blairgowrie@westpackexpress.co.za;
THOKSWORX NO 1;738527243;thorksworx@vodamail.co.za;
LAVENDER BLUE LAUNDROMAT;152976455;sereteledi@polka.co.za;
CHEETAH SECURITY TECHNOLOGIES;437431521;dylan@cheetahsecurity.co.za;
BAKOLOBENG PROJECTS AND SERVICES;122541321;mmngobeni@webmail.co.za;
SUSKIA TRAIDING 1156;118112986;suskia.trading1156@gmail.com;
BUBBLES LAUNDROMAT;448712111;;
SOFT ELEGANCE AND LAUNDRY AND DRY CLEAN;110746778;cedar@softelegance.co.za;
THE RUG WIZARD;114634007;wizard1@telkomsa.net;
WITON CHEMICALS (PTY) LTD;317198840;;
NKENKE CLEANING CHEMICALS;112651158;pmkwanaz@jppza.jnj.com;
G F M TREE FELLERS;788560323;goodmore1@gmail.com;
SULZER PUMPS (SA) (PTY) LTD;118206000;janet.holmes-smith@sulzer.com;
NQABA YETHU CLEANING & CATERING;861429523;nmzembe@gmail.com;
T-Z PERFECT STRUCTURAL PAINTERS & RENOVATORS;787950100;goreallen@gmail.com;
SUPER VISION GARDEN SERVICES CC;317623155;0317623155@efg.co.za;
AFRICAN PAN COMPANY;119144724;info@breadpansafrica.co.za;
ULTRA WATER;448780736;amalita@ultrawater.co.za;
ASHLEY TREE FELLING;747188271;;
LOVERBOY CONSTRUCTION CC;112640380;;
CANON CARPET CARE;125611042;;
IHLELO CONSTRUCTION P PROJECTS CC;715030819;ihlelo@vodamail.co.za;
KING SOFT TISSUE;314591221;tim.govender@mweb.co.za;
MBATHA N CONSULTING SERVICES;122521965;;
SWAN INDUSTRIAL GARMENT PROCESSING (EDMS) BPK;215115784;;
WEST PACK LIFESTYLE RANDBURG;100350309;design@westpacklifestyle.co.za;
WEST PACK EXPRESS LONEHILL;100350261;lonehill@westpackexpress.co.za;
BUBBLES LAUNDROMAT;448712111;;
LANDSCAPING AND GARDENING SERVICES;791070209;green2greengardenservices@gmail.com;
IMONTI PEST CONTROL;724762904;sheneerar@ecglob.co.za;
REBUFF (PTY) LTD;119748951;;
PENINSULA PIPELINE SERVICES CC;419331718;;
HORIZON PROJECTS;217031415;horizon@executivemail.co.za;
CMR MERIDIAN;116163385;awingfield@cmrmeridian.co.za;
WEST PACK LIFESTYLE CENTURION;100351186;centurion.info@westpacklifestyle.co.za;
PLUSH LEATHER CARE;114661602;;
BELMAR PERSONNEL;129917070;belmar@icon.co.za;
MAPHOKOTHELA CONSTRUCTION & PROJECTS CC;827458766;maphokothela@gmail.com;
SHARP CLEANING SERVICES CC;113923097;musa@mabco.co.za;
S A CLEANING EQUIPMENT CC;215314772;sales@laundry.co.za;
FISCHER ERICH;114427343;info@furs.co.za;
NDABA GUTTERS;822583599;nkululeko@ndabagutters.co.za;
DIALAMAID;110566233;;
MBATHA N CONSULTING SERVICES;122521965;;
TOILET FRIEND;538613333;metrans@vodamail.co.za;
BAKOLOBENG PROJECTS AND SERVICES;122541321;mmngobeni@webmail.co.za;
LTHT FOOD & CLEANING SERVICES;829750727;;
APE PUMPS (PTY) LTD;118244810;EngDPT@apepumps.co.za;
DR S CADER;218367786;shaidahassim@hotmail.com;
SIMCAH TRADING (PTY) LTD;724542627;;
MULTITERGENT (GAUTENG);117627131;;
A.D.M BOOMSLOPING/TREE FELLING;717061844;;
AQUATIC ARCHITECTURE & CONSTRUCTION;118243304;;
REBUFF (PTY) LTD;119748951;;
CLEANFLO PARAFFIN PARTSWASHER MANUFACTURING;116096701;cleanflo@absamail.co.za;
I R W SECURITY CLEANING & RECRUITMENT SERVICES;123207234;irwsecurity@gmail.com;
FLOORS DIRECT;127559440;centurion@floorsdirect.co.za;
ANK-SYSTEMS CC;824656252;wolfgang@zonemail.co.za;
HORIZON PROJECTS;217031415;horizon@executivemail.co.za;
SILVERTON RADIATORS (ROODEPOORT);117601801;silvertonrad@absamail.co.za;
BELMAR PERSONNEL;129917070;belmar@icon.co.za;
VERIMARK - NORTHGATE;117942638;info@verimark.co.za;
BCS BIRD CONTROL SERVICE;317671463;;
KOFI SECURITY SERVICES;414591555;;
IHLELO CONSTRUCTION P PROJECTS CC;715030819;ihlelo@vodamail.co.za;
PERFECT CARPET CLEANERS;714421210;sbu@perfectcarpetcleaners.co.za;
DR ZWAI NDZIWENI;437210993;bndziweni@yahoo.com;
CAPE ALUMINIUM GUTTERS AND ROOF SERVICES;213720931;;
PROCOAT PROJECTS;123333364;procoatproj@telkomsa.net;
MARPROZEP;116094107;;
ALL ABOUT PUMPS CC;791868074;info@allaboutpumps.co.za;
UNIQUE ROOF AND WALL COATING;119793233;uniqueguttering@absamail.co.za;
UNIVERSAL ROOFING;126537227;info@universalroofing.co.za;
SPRING FRESH;113264890;bluecom@findit.co.za;
THE POOL CO;123486933;;
M AND R CARPET CLEANERS (EST 1979);123356488;mpvermeulen@absamail.co.za;
SIBEKO NTOBO TRADING (PTY) LTD;727515563;lizoxolabuyeye@yahoo.com;
BRACKEN CLEANING SERVICES CC;118673503;Breckencleaning01@gmail.com;
SHARP CLEANING SERVICES CC;113923097;musa@mabco.co.za;
ED'S CARPET & UPHOLSTERY;824662185;bev@edsblinds.co.za;
RAVATS PERSIAN CARPET GALLERY (PTY) LTD;126668625;;
BCS BIRD CONTROL SERVICE;317671463;;
CAROLINA LAUNDRY;617283509;;
THE CRAZY STORE;114271701;;
SELAMOLELA BUILDING CONSTRUCTION;710626900;lelamosela@yahoo.com;
BAOBAB TREE FELLING AND SITE CLEANING;723424585;gideon@baobabtreefelling.co.za;
F M D SPILLAGE CONTROL CC;357973809;fmdspillage@zcbf.org.za;
WENZILE PHAPHAMA TRADING PROJECTS CC;137527700;jerry.ndala@wenzile.co.za;
REBUFF (PTY) LTD;119748951;;
NEL FANIE DR;114250773;mad@orthodontics.co.za;
ALWAYS COOL TECHNICAL SERVICES;184624411;alwayscool.ola@webmail.co.za;
SHARP CLEANING SERVICES CC;113923097;musa@mabco.co.za;
CLEAN-A-BLIND;113397616;larry.wigoder@gmail.com;
S A CLEANING EQUIPMENT CC;215314772;sales@laundry.co.za;
IHLELO CONSTRUCTION P PROJECTS CC;715030819;ihlelo@vodamail.co.za;
WEST PACK LIFESTYLE NELSPRUIT;100351182;nelspruit.info@westpacklifestyle.co.za;
SOMEKH;117830706;;
AERO AND GENERAL UPHOLSTERY CC;118256898;aerogeneral@wbs.co.za;
AIRMAX COMPRESSORS;832361331;;
TOILET FRIEND;538613333;metrans@vodamail.co.za;
VERIMARK - KEY WEST;871502734;;
LTHT FOOD & CLEANING SERVICES;829750727;;
SHOE REPAIRS AND LAUNDRY;118694783;info@shoerepairsandlaundry.co.za;
NCINANE CLEANING SERVICES;739007907;ncinaneservices@gmail.com;
WEST PACK LIFESTYLE ALBERTON;100350305;alberton@westpacklifestyle.co.za;
VERTIBLIND;317005638;blindman@vertiblindkzn.co.za;
WERTAN PROJECTS;792506543;info@wertan.co.za;
P.G ROOFING WATERPROOFING & MAINTENANCE;733513889;;
A & A NATIONAL ROOFING & WATERPROOFING;215576345;info@aanational.co.za;
MARPROZEP;116094107;;
CRYSTAL CLEAR POOLS;824156338;donovan2204@hotmail.com;
ANNIQUE HEALTH & BEAUTY;123459800;ronelvh@annique.com;
M AND R CARPET CLEANERS (EST 1979);123356488;mpvermeulen@absamail.co.za;
VISTA DISTRIBUTION;219047756;richard.hallick@telkomsa.net;
ALWAYS COOL TECHNICAL SERVICES;184624411;alwayscool.ola@webmail.co.za;
ASHLEY TREE FELLING;747188271;;
CANON CARPET CARE;125611042;;
DIALAMAID;110566233;;
RENT A CLEANER;725645567;;
K C M CLEANING;114695371;;
KWAKUHLE HYGIENE;114311799;info@kwakuhle.co.za;
KOSANA LANDSCAPING & GARDENING SERVICE;793351898;mkosanaawe@gmail.com;
BROOKLANDS WHOLESAL & DISTRIBUTORS;217883038;;
LAMBTON LAUNDRY;731079675;;
BIG BEN CLEANERS CC;836530888;bigbencleaners@webmail.co.za;
LAUNDRY AND REPAIR CENTRE;10796411;laundryrepaircentre@gmail.com;
X PRESS LAUNDROMAT;418182252;xpwash@gmail.com;
P.G ROOFING WATERPROOFING & MAINTENANCE;733513889;;
NEL FANIE DR;114250773;mad@orthodontics.co.za;
MILL FABRICATION (PTY) LTD;315641174;;
UNIQUE ROOF AND WALL COATING;119793233;uniqueguttering@absamail.co.za;
INNOVATIVE DENTISTRY;219828822;domtin@iafrica.com;
TSHWANE CARPET SPECIALISTS (PTY) LTD;123300941;;
SUNWARD POOLS;119134940;;
D MPHO BUSINESS ENTERPRISE;114223420;;
MAKHWALO TRADING CC;115400192;makwalotrading@yahoo.com;
BUYA NEMPUMELELO TRADING AND PROJECTS;118698791;buyanempumelelotap@gmail.com;
CANON CARPET CARE;125611042;;
BONGISIPHIWO CONSTRUCTION CC;355512150;;
WINELANDS COMPRESSORS CC;218724450;wynland@telkomsa.net;
KHULANI BLINDS AND AWNINGS;164233322;;
WEST PACK LIFESTYLE RANDBURG;100350309;design@westpacklifestyle.co.za;
SIYAPHAMBILI SERVICES (PTY) LTD;840897036;mawakatomose2@gmail.com;
THE RUG WIZARD;114634007;wizard1@telkomsa.net;
F M D SPILLAGE CONTROL CC;357973809;fmdspillage@zcbf.org.za;
RADAV- MAINTANANCE;788855906;radmaintenance@gmail.com;
MULTITERGENT (GAUTENG);117627131;;
RIMS AFRICA;117914678;rimsafrica@mweb.co.za;
SWIFT CATERING SUPPLIES;116732900;swiftcat@mweb.co.za;
CYNEP EXPRESS LOGISTICS;313687338;kevinh@cynepexpress.co.za;
DESAI LAUNDRY BASKET;782362123;raybheki@gmail.com;
JADE CLEANING SERVICES;836839112;wendy@jadecleaning.co.za;
VISTA DISTRIBUTION;219047756;richard.hallick@telkomsa.net;
DESIGNER CARPETS;317018384;;
LEVINGERS DRY CLEANERS (MIDRAND MALL);113153238;;
WEST PACK EXPRESS BLAIRGOWRIE;100350308;wponline@westpacklifestyle.co.za,blairgowrie@westpackexpress.co.za;
RANGER CLEARING SERVICES CC;113911516;barry@rangersa.co.za;
BORDER HAZMAT;437374906;martin@borderhazmat.co.za;
WEST PACK LIFESTYLE NELSPRUIT;100351182;nelspruit.info@westpacklifestyle.co.za;
NOZUKO CONSTRUCTION;730347395;nozuko.n.s.transport@gmail.com;
DR ZWAI NDZIWENI;437210993;bndziweni@yahoo.com;
STREAMLINE HYDRO-BLASTING SERVICES;118683989;streamlinehbs@telkomsa.net;
SIYAPHAMBILI SERVICES (PTY) LTD;840897036;mawakatomose2@gmail.com;
JAMJAM CONSTRUCTION;736640879;;
UNIQUE ROOF AND WALL COATING;119793233;uniqueguttering@absamail.co.za;
CYNEP EXPRESS LOGISTICS;313687338;kevinh@cynepexpress.co.za;
SMOLLAN GROUP (PTY) LTD;215320722;;
CARPETEX WALL TO WALL CARPETS;129983895;carpetex@iburst.co.za;
SUPER VISION GARDEN SERVICES CC;317623155;0317623155@efg.co.za;
LAUNDRY WISE;118232724;;
TSHEPISHO TRADING & PROJECTS;734317436;tshepishotrading@hotmail.com;
AFRICAN PAN COMPANY;119144724;info@breadpansafrica.co.za;
FRENOVATIONS;219190919;frenovations@polka.co.za;
MONDLOTSHA STAFFING SOLUTIONS;137378503;mondlotshastaffing@rocketmail.com;
RENT A MAID - MIDRAND;791171928;midrand@rentamaid.co.za;
CARPET CLEAN CENTRAL;118888984;info@carpetcc.co.za;
EUROTHREADS (AFRICA) CC;123249910;euroth@telkomsa.net;
MNAKAKUMHLOPHE BUILDING CONSTRUCTION;795906753;mnakakumhlophe@yahoo.com;
BK RISK SOLUTIONS SECURITY SERVICES & PROJECTS;119753766;kekanbrian@gmail.com;
BAOBAB TREE FELLING AND SITE CLEANING;723424585;gideon@baobabtreefelling.co.za;
AEW SOULTIONS PTY LTD;102240673;admin@africaewaste.co.za;
ADMOST;834969136;admost@iburst.co.za;
THE DRAIN SURGEON;164271070;drainsurgeon@lantic.net;
ACCESS FREIGHT INTERNATIONAL (PTY) LTD;314519200;info@access.co.za;
A & A PLUMBING & ROOFING;760336699;swiercx@hotmail.co.za;
WEST PACK EXPRESS THABAZIMBI;147722605;thaba.info@westpackexpress.co.za;
NKENKE CLEANING CHEMICALS;112651158;pmkwanaz@jppza.jnj.com;
SMOLLAN GROUP (PTY) LTD;215320722;;
SILVERTON RADIATORS (ROODEPOORT);117601801;silvertonrad@absamail.co.za;
PLUSH LEATHER CARE;114661602;;
VCOR GROUP CENTURION;815583533;accounts@vcor.co.za;
WETROK;514481230;salesbloem@industroclean.co.za;
MISS A VENTER;317056554;dnasales@telkomsa.net;
K C M CLEANING;114695371;;
WEST PACK EXPRESS LONEHILL;100350261;lonehill@westpackexpress.co.za;
LTHT FOOD & CLEANING SERVICES;829750727;;
SHOE REPAIRS AND LAUNDRY;118694783;info@shoerepairsandlaundry.co.za;
SUNBEAM ELECTRO PLATING;313062600;0313054309@efg.co.za;
LEIGH PARRY ESTATES;413673442;;
WIND-O-WASH;283132232;nicky@windowash.co.za;
LAUNDRY AND REPAIR CENTRE;10796411;laundryrepaircentre@gmail.com;
SOUTHERN CAPE COMPRESSED AIR SERVICES;448780923;sccompr@mweb.co.za;
AQUATIC ARCHITECTURE & CONSTRUCTION;118243304;;
DOG PARLOUR FLORIDA;116729453;;
NEL FANIE DR;114250773;mad@orthodontics.co.za;
MARPROZEP;116094107;;
FORMULA ONE CAR WASH;314661565;wayne@f1carwash.co.za;
WATERTIGHT LEAK DETECTION;834077482;rpletschke@telkomsa.net;
T S L BLIND MANUFACTURERS CC;118698155;tslblinds@telkomsa.net;
TAHLE'S CONSTRUCTION CIVIL ENGINEERING TRADING (PTY) LTD;782262309;;
KWAKUHLE HYGIENE;114311799;info@kwakuhle.co.za;
BK RISK SOLUTIONS SECURITY SERVICES & PROJECTS;119753766;kekanbrian@gmail.com;
MASAKHANE MAINE SECURITY;164214380;info@mmjsecurity.co.za;
SHOE REPAIRS AND LAUNDRY;118694783;info@shoerepairsandlaundry.co.za;
THE KELLY PERSONNEL GROUP LTD;114664369;;
SUNBEAM ELECTRO PLATING;313062600;0313054309@efg.co.za;
WASHARAMA;163620747;washaramalaundry@gmail.com;
AEW SOULTIONS PTY LTD;102240673;admin@africaewaste.co.za;
MOLA MARU CLEANING SERVICES;123233381;marumo@molamaru.co.za;
AFRICA CLEANING SERVICES;861424844;info@africacleaning.co.za;
PRIDE CARPET & UPHOLSTERY CLEANERS;848439417;;
STERLING RESTORATION;415854313;;
IN-HOUSE LOGISTICS;214214210;;
MARBUCONS;117926508;;
SAM GOLDEN TP TRADING CC;118302169;;
ALL STAR ROOFING;215576256;insutech-sa@vodamail.co.za;
BCS BIRD CONTROL SERVICE;317671463;;
AIRMAX COMPRESSORS;832361331;;
WEST PACK EXPRESS LONEHILL;100350261;lonehill@westpackexpress.co.za;
LEIGH PARRY ESTATES;413673442;;
ADMOST;834969136;admost@iburst.co.za;
