CAPITAL AIR (PTY) LTD;118270335;info@capitalairsa.com;
SIDAS SECURITY GUARDS (PTY) LTD;219302073;bongin@sidas.co.za;
NYATI SECURITY SOLUTIONS;413641181;patrick@nyatisecurity.co.za;
TRACKER CONNECT (PTY) LTD;113800300;btippett@tracker.co.za;
COMBAT FORCE (CAPE) CC;217067775;comforce@iafrica.com;
METRO SECURITY SERVICES;418118499;rowlin@metrosecurity.co.za;
PRO EVENTS;212018763;info@proevents-sa.co.za;
A & J ELECTRON;129420293;jdv@cknet.co.za;
STARLIGHT SECURITY SOLUTIONS;437260523;starslight@blue-crane.co.za;
BROUBART SECURITY CC;437438142;info@broubart.co.za;
BROUBART CLEANING AND SECURITY;415825082;broubart@securityhouse.co.za;
SECURO WORLD CC;145921917;sharonsecuro@gmail.com;
SURE GUARD;123740011;info@sureguardcc.co.za;
EASY SECURITY AUTOMATIC GATE SYSTEMS & ARMED GUARDS;116401654;easysecurity@telkomsa.net;
STEGEN ENTERPRISES CC;334171840;b-secure@sai.co.za;
BATALEUR SECURITY SERVICES (PTY) LTD;161004990;fanie@bataleur.co.za;
R D S SECURITY;823805464;info@rdssecurity.co.za;
ATLAS SECURITY;414012222;info@atlas24.co.za;
PRIME SECURITY;861993399;admin@psms.co.za;
ENLIGHTENED SECURITY FORCE (PTY) LTD;114870582;marketing@enlightened.co.za;
HANSA GATES;114782401;;
MAPOGO A MATHAMAGA;113145606;info@mapogoafrica.co.za;
TIGER ALARMS CC;319404429;info@tigeralarms.co.za;
WISE TRAINING CENTRE;366378201;wisetraining@mweb.co.za;
SECURITAS SA (PTY) LTD;217623813;info.cpt@securitas-rsa.co.za;
ROMAN ALARMS;861076626;reception@romanalarms.co.za;
NSA BURGLAR ALARMS;414502495;control24@nsa-burglaralarms.co.za;
KA LETHABO TRADING;118878035;amon@ka-lethabo.co.za;
L L SECURITY;116150190;info@llsecurity.co.za;
ELECTRA RADIO;137526677;sales@electracom.co.za;
GOLDREST FUNERAL SERVICES;178831049;makolafrank@gmail.com;
FENCING-ELECTRIC;437434923;tatty@global.co.za;
INFANTRY SECURITY SERVICES (PTY) LTD;113155055;accounts@infantry.co.za;
AMAKHOSI PROTECTION SERVICES;319419531;rory@amakhosiprotection.co.za;
NIQUA SEKURITEIT (PTY) LTD;448736424;niqua@mweb.co.za;
OPTIMUM SECURITY;861011100;optimum@optimumsecurity.co.za;
BURUMA SECURITY & CLEANING SERVICES;827247898;a.mgqweto@gmail.com;
J A J ALARM SPECIALISTS CC;860541221;;
WESTERN TVL SECURITY SERVICES;861000695;wtss@telkomsa.net;
FANG SECURITY;212028388;fredo@fang.co.za;
VIZUAL SECURITY;215550355;info@vizual.org.za;
NHLALENHLE SECURITY;319439862;nhlalenhlesecurity@gmail.com;
SENSOR SECURITY SYSTEMS (PTY) LTD;219147557;info@sensorsecurity.net;
KS SECURITY AND BODYGUARDING;318266107;ksbodyguarding@telkomsa.net;
GORDON'S BAY SECURITY;218560214;info@gbsec.co.za;
MARSHALL SECURITY;861627732;graeme@marshallsecurity.co.za;
MULTIVISION TECHNOLOGY (PTY) LTD;215554965;info@multivisiont.com;
INGQINISO SECURITY CO;783612989;mhlanasamuel@gmail.com;
FIDELITY SECURITY SERVICES (PTY) LTD;216901600;media@fidelitysecurity.co.za;
SANDILE SECURITY SERVICES;861726345;info@sandilesecurity.co.za;
PHOTONOTE CC;315838500;rpereira@photonote.co.za;
SECHABA PROTECTION SERVICES;216962040;info@sechabap.co.za;
SOUTH MANAGEMENT CONSULTANTS CC;118965706;admin@southmc.co.za;
C R D SECURITY;824685833;crd-sec@mweb.co.za;
MAGIC LABOUR HIRE & SECURITY SERVICES;164229243;thomasmagicsec@yahoo.com;
MAGIC LABOUR HIRE AND SECURITY SERVICES;164229243;thomasmagicsec@yahoo.com;
HWIBIDU SECURITY;718714256;info@hwibidusec.co.za;
MJAYELI SECURITY;217975722;infoct@mjayelisecurities.co.za;
WEST POINT PROTECTION;219452894;westpointprotection2@gmail.com;
FIREECH PROJECTS (CAPE TOWN) (PTY) LTD;219050447;firetech@cpt.firetech.co.za;
MULTONDOTI CATER & SERVICES;715324848;nenungwiholdings@gmail.com;
RAAD VAN SEKURITEITSBEAMPTES;214252370;;
WHITE LEOPARD SECURITY (POLOKWANE);152912680;proma@telkomsa.net;
ROAN SECURITY;217123129;dylon@rsec.co.za;
RISKCON SECURITY HOLDINGS (PTY) LTD;110359000;reception@riskcon.co.za;
MAYDAY ALARMS;586221568;jh@maydayalarms.co.za;
Q SECURITY SERVICES CC;312050065;qsecurity@worldonline.co.za;
ALTECH CARD SOLUTIONS;215253900;henkh@acs.altech.co.za;
SECURIMART;215572321;tview@securimart.co.za;
D S G SECURITY;215912093;admincpt@dsgsecurity.co.za;
IMVULA QUALITY PROTECTION (AFRICA) (PTY) LTD;215060700;reception@imvula.net;
A S A P SECURITY(DURBANVILLE);219751622;asap@wol.co.za;
CAPITAL SECURITY;219874744;janeke@capitalservices.co.za;
RAITE SECURITIES;215950218;pat@raite.co.za;
MOLALATAU SECURITY;860102859;hendrik@molalatausecurity.co.za;
THORBURN SECURITY SOLUTIONS (SOUTHERN REGION) (PTY) LTD;278311716;benjamink@transhex.co.za;
CGM SECURITY & CLEANING DIVISION;219511412;cgmsecuritysolutions@telkomsa.net;
KHULULEKANI SECURITY SERVICES;118385543;khululekani@telkomsa.net;
WHITE LEOPARD SECURITY;145556198;proma@telkomsa.net;
SECURITY OFFICE;217132313;jackied@redefine.co.za;
E P R SEKURITEIT;861692195;jkrogh.epr@netactive.co.za;
SHIRELETSANG SECURITY & CLEANING SERVICES;114200776;dickson.mofekeng@shireletsang.co.za;
SECURE RITE SECURITY (PTY) LTD;860103099;craig@securerite.co.za;
KHUSELA INTEGRATED ACADEMY (KIA);538311031;info@kiatvt.co.za;
RQ ALARMS & SECURITY CC;277122222;support@rqsecurity.co.za;
ZERO TOLERANCE SECURITY;583031658;zerotolerancedetective@gmail.com;
M S S (LANGEBAAN);227720758;mss@bestcom.co.za;
SECMA INTERNATIONAL SECURITY;828260315;guarding@secma.co.za;
FIRE & INSTRUMENT SERVICES;219303228;info@firepro.co.za;
GDH SECURITY (PTY) LTD;861434434;sales@gdhsecurity.co.za;
SIZOWAKHA SECURITY AND CLEANING SERVICES;342125162;sizowakhascs@gmail.com;
FALETHU SECURITY & CLEANING SERVICES CC;313124296;derrick@falethu.co.za;
NKATEKISO SECURITY SERVICES;158120241;info@nkatekisosecurity.co.za;
GUARDFORCE PATROLS ALARMS CC;312660404;jandb@netactive.co.za;
CHANGING TIDES SECURITY (CTS);118264537;info@ctssecurity.co.za;
SUKUMA SECURITY SERVICES;343153346;sukumasecser@telkomsa.net;
GLOBAL FORCE SECURITY;213913883;info@globalforcesecurity.co.za;
VETUS SCHOLA SECURITY SERVICES;814342036;patrick@teamvs.co.za;
YEBO TECH (PTY) LTD;217137262;;
HOTLINE SECURITY;123798318;hotline@telkomsa.net;
REHO PROTECTION SERVICES;312202049;lourensjnr@reho.co.za;
SANLAM FINANCIAL ADVISOR;218534698;derksen@octofin.co.za;
PHEPHA M V SECURITY SERVICES;137900222;infosuperpro@telkomsa.net;
SECURITY SUPERSTORE;114750695;salesjhb@securitysuperstore.co.za;
G4S SECURE SOLUTIONS (SA) (PTY) LTD;319139100;carol.pieper@za.g4s.com;
FIDELITY SECURITY SERVICES;137551539;shawnv@fidelitysecurity.co.za;
LION OF JUDAH;217051614;info@lionofjudahprotectionservices.co.za;
WHITE LEOPARD SECURITY;145556198;;
SIZONGQOBA SECURITY SERVICES (PTY) LTD;125491913;naomimkadule@gmail.com;
GLOBAL FORCE SECURITY;312075409;lr@gfsecurity.co.za;
MONITOR NET;861117117;info@monitornet.co.za;
INGWEMPISI SECURITY SERVICES;113315921;ingwempisi@gmail.com;
CUTFIRE & SECURITY SYSTEMS CC;113342753;cutfire@telkom.net;
MAPOGO SECURITY;538328009;office@napogokimberley.co.za;
IMPISI SECURITY SERVICES;114223270;impisi@telkomsa.net;
RESHEBILE AVIATION & PROTECTION;116160295;info@reshebile.co.za;
RESERVE HOLDINGS SECURITY CC;214262991;info@reserveholding.co.za;
B & H ELECTRONICS;317011264;gert@hornetsgroup.com;
ALL 4 SECURITY SOLUTIONS;217069722;all4security@telkomsa.net;
SCORP INVESTIGATION & SECURITY;538611017;info@scorpsec.co.za;
BEAGLE WATCH ARMED RESPONSE;116781972;anne@beaglewatch.co.za;
ANCHOR SECURITY(GAUTENG) (PTY) LTD;118874030;;
DAISY COMMUNICATIONS;861032479;mapulek@daisy-gp.co.za;
TEBADI PROTECTION SERVICES AND PROJECTS (PTY) LTD;114200015;;
MGEBE SECURITY;219480849;info@mgebesecurity.co.za;
WOLFRAM SECURITY SERVICES CC;117680400;wolfoffice@absamail.co.za;
C T R PROTECTION SERVICES (PTY) LTD;114625548;info@ctr.co.za;
PEPLER ALARMS;218763308;info@pepleralarms.co.za;
THOMPSONS KHUSELA CC;769657644;baloyijoseph1975@gmail.com;
RECALL SECURITY;413641178;recall@mtnloaded.co.za;
BIGIT SECURITY SERVICES;218543926;info@bigit.co.za;
EXECUTIVE RISK CONTROL;132461767;franciousnaude@gmail.com;
FIDELITY SECURITY SERVICES (PTY) LTD;580500100;fsssbeth2@fidelitysecurity.co.za;
COBRA STRIKEFORCE SECURITY SERVICES CC;163620970;info@cobra.co.za;
BRAKKENJAN SEKURITEITSDIENSTE;824940973;brakenjan@telkomsa.net;
MAJORIE'S TRADING ENTERPRISES CC;123283893;master@stimer.co.za;
Overberg Security;284253407;admin@overbergsecurity.co.za;
TYZER-T SECURITY & CLEANING SERVICES;152953950;tyzert@telkomsa.net;
MANANYANI MAINTENANCE SERVICES;565152286;mananyani@gmail.com;
SIYABONGA PROTECTION SERVICES;335031182;anton@sps.co.za;
M W MATAUNG SECURITY & PROJECTS;583036197;;
MAGNUM SECURITY ALARMS;414513867;brendan@magnumalarms.co.za;
FARMGUARD SECURITY CC;218763229;farmguard@telkomsa.net;
CPS SECURITY & CRIME PREVENTION SERVICE;573883810;andre@cpssecurity.co.za;
S A B SECURITY;413640698;stevenbeale@telkomsa.net;
MJAYELI SECURITY (PTY) LTD;117934866;kalani@mjayelisecurity.co.za;
ETROGEN (PTY) LTD;163417171;jenilee@etrogen.co.za;
SIDAS SECURITY GUARDS;538611577;brenda@sidas.co.za;
A C SECURITY;233427050;info@acsecurity.co.za;
GOODWOOD ARMED PATROLS;215922295;gwdpatrols@telkomsa.net;
MAXISECURITY (PTY) LTD;114123268;piet@maxisecurity.co.za;
HLANGANANI PROTECTION SERVICES;113097165;hlan@worldonline.co.za;
PEL SECURITY SERVICES (PTY) LTD;163623022;edwin.info@pelsecurity.co.za;
C S I AFRICA SECURITY;218454076;info@csiafrica.com;
PRO-FORCE SECURITY SERVICES;741144578;proforcegroup@gmail.com;
TOP CCTV (MILNERTON);215513040;;
SECURICON LOUWVELD CC;137937581;securicon@mweb.co.za;
SAVIKA ARMED RESPONSE (PTY) LTD;118878475;trevor@savikasec.co.za;
ALERT SECURITY SYSTEMS;861007711;alertalarms@iafrica.com;
PMB Security CC;333450459;info@pmbsecurity.co.za;
SAKHIZWE PRO SECURITY;861111760;ldshop@mweb.co.za;
DIRECT TECHNICAL SYSTEMS;110682546;direct.technical@gmail.com;
MNSP SECURITY PROJECTS;117046533;;
BANKAM SECURITY;538321818;bankamss@yahoo.com;
FULL CIRCLE SECURITY;137500454;full_circle@telkomsa.net;
ALRO SECURITY SHOP;573551178;isane.c@vodamail.co.za;
ELECTROLARM;219397212;electrolarm@gmail.com;
EMERGENCY REACTION SERVICES;112346000;info@ersos.co.za;
NEMJA PROJECTS;116830045;;
COMSEC PRIVATE SECURITY CO;218641971;cedric@comsecsecurity.co.za;
AFGUARD SECURITY;152976654;makuya@afguardsecurity.co.za;makuyamillicent@gmail.com
YZERFONTEIN ARMED RESPONSE;224512747;yzerfonteinarmedresponse@telkomsa.net;
DOORKING;118571000;doorking@mweb.co.za;
DE BRITO;119037606;;
GOLDEN EYE SECURITY SERVICES;186324637;goldeneye@xsinet.co.za;
BANHOEK SECURITY SERVICES;218852273;raymond@banhoektrading.co.za;
GROOTE SCHUUR COMMUNITY IMPROVEMENT DISTRICT NPC;216850016;info@gscid.co.za;
ACHIEVERS SECURITY;317821487;achievers1@telkomsa.net;
MARRIGORRA PROTECTION SERVICES;117402494;marrigorra@webmail.co.za;
CENTURION SYSTEMS AUTHORISED DISTRIBUTOR;219766990;;
CENTURION SYSTEMS AUTHORISED DISTRIBUTOR;219766990;;
C S S SECURITY (PTY) LTD;184688506;;
SITINIKELE SECURITY & TRADING(PTY)LTD;114850408;robert.siwela@sitinikele.co.za;
PEACEFORCE SECURITY GROUP (PTY) LTD;861739739;sales@peaceforce.co.za;
IMPACT FORCE PROTECTION SERVICES;110556477;bgqaliwe25@gmail.com;
GARRISON SECURITY;861248273;trevor@garrisonsecurity.co.za;
MLETHI SECURITY & TRAINING;334171331;mlethi@telkomsa.net;
CERES ALARMS;233161117;emsent1@mweb.co.za;
STEARS SECURITY CASH IN TRANSIT;448743376;cash@stearssecurity.co.za;
BURGLAR ALERT SECURITY CC;147172412;basecurity@telkomsa.net;
ANNU LOCKSMITHS;833006292;annu@telkomsa.net;
MCC SECURITY SOLUTIONS;114503336;mccsec@mweb.co.za;
QAUKENI SECURITY SERVICES;392531298;siviwegivensigcau@yahoo.com;
URBAN AFRICA SECURITY CC;152930800;marlene@urbanas.co.za;
QINISEKA SEKURITEIT;272132051;renier@qiniseka.co.za;
FORCE GROUP;116833018;;
CONTROL INSTRUMENTS;123239550;;
SECURITY WORKS;353402471;heathfld@iafrica.com;
MAKJUS TRADING & PROJECTS;147631590;makjus@hotmail.com;
NO FEAR SYSTEMS;217610906;info@nofearsystems.co.za;
TODAY'S DESTINY TRADING AND PROJECTS 81;154912178;;
UKUTHULA ELECTRONICS & SECURITY;315007642;ukuthulaelec@telkomsa.net;
RESCOM SECURITY;861737266;marco@rescom.co.za;
WAFA SECURITY & CLEANING SERVICES;769954571;sizwenkosi305@gmail.com;
SEBUSE SECURITY SERVICES;132622491;amoteme3@gmail.com;
DON'S SECURITY;129935113;donald@dons.co.za;
PRO FORCE SECURITY;317022024;avril@proforcesecure.co.za;
WHITE LEOPARD SECURITY CC;145557644;;
W Z SECURITY AND MAINTENANCE DIRECT CC;183810060;securitymd@mweb.co.za;
CSS SECURITY;182905541;;
OLIFANT SECURITY GUARDS CC;178813060;;
S M A SECURITY;215322504;info@smasecurity.co.za;
QUANTUM ALARMS;587130727;;
TSHIVHONA SECURITY AND CLEANING SERVICES;159625057;tshivonasecurity@gmail.com;
G4S SECURITY SERVICES SA (PTY) LTD;422932689;jean.meyer@zag4s.com;
RADIO CALL ALARMS;538312566;radiocall@vodamail.co.za;
STALLION SECURITY;218156900;johand@stallion.co.za;
INFRASEK CC;219499000;info@ssc1.co.za;
GOODWORK SECURITY & CLEANING SERVICES;114851751;;
BANKAM SECURITY;514485865;bankamss@yahoo.com;
BHUME SECURITY CC;835763033;bhumesecure@gmail.com;
WEST RUN SECURITY & CLEANING;213761311;edward@westrun.co.za;
ACTION MOTION;117820734;;
QUADRUPHONIC SECURITY & SOUND;219826842;info@quadruphonic.co.za;
GALLAGHER POWER FENCE (SA) (PTY) LTD;119744740;;
NGOMFO SECURITY SERVICES;364481937;ngomfo@telkomsa.net;
ANGELICUS SECURITY;543322811;;
KNIGHT SECURITY SOLUTIONS;333305911;info@knightsecurity.co.za;
AMANGCUSE SECURITY & CLEANING;732626130;;
FBS SECURITY SERVICES (PTY) LTD;219483488;info@fbs-security.com;
WESIZWE RISK;163623112;bbpsecurity@intekom.co.za;
SBV SERVICES (PTY) LTD;448055600;supportoffices@sbv.co.za;
MOOIRIVIER BESKERMING;182970796;mbpotch@vodamail.co.za;
BIDVEST PROTEA COIN GROUP (LADYSMITH);366310034;;
THULANANG SECURITY SERVICES AND PROJECTS;183840665;kratlhahane@gmail.com;
OPT-X PROJECT MANAGEMENT (PTY) LTD;215587557;admin@opt-x.co.za;
BASSETT BURGLAR ALARMS CC;861227388;;
VUCO SECURITY SOLUTIONS;313126255;sandy@vucosecurity.co.za;
TALON SECURITY SERVICES;214344422;;
JOHN ELLIOTT SECURITY BK;114523649;1stop@security.co.za;
Remez Security;118027002;sam@remezsecuritysa.co.za;
ILANGA SECURITY;333422937;admin@ilangasecurity.co.za;
E F S BUSINESS MACHINES;586222699;andre@efsbm.co.za;
COLT SECURITY SYSTEMS;114761252;;
SECURI-FIRE CC;317647087;mark@securifire.co.za;
BAY-WATCH RESPONSE;214384000;ops@bayresponse.co.za;
RBRM SECURITY MANAGEMENT;219037040;rbrensler@telkomsa.net;
SMHART ALARMS;445335514;info@smhart.co.za;
A & D ALARMS;834190252;;
SPRING LIGHTS SECURITY;315008163;khalilm278@gmail.com;
VDG CAMERA SYSTEMS CC;114724529;;
RADZO SERVICES;163413511;;
KMS PROTECTION SERVICES;317763273;kms@polka.co.za;
DTI PROTECTION AND SERVICES;118274966;;
MULTI INDUSTRIAL AND MINE SECURITY SOLUTIONS CC;176381550;;
NEWFORCE PROTECTION SERVICES;333442053;;
HLUHLUWE ARMS AND AMMUNITION;355620200;;
ALPHA SECURITY (RICHARDS BAY);861125742;;
Q M T PROTECTION UNIT;333302283;;
D TECH;798425222;ahlatsh@gmail.com;
ULIBO SECURITY;721098823;;
SJC SECURITY SERVICES;219451170;;
LAVENDER MOON TRADING 102 CC;214478578;;
CAWOOD DG;215581190;duane@dcgroup.co.za;
SCAWU SECURITY;312202052;mondlina@live.com;
MOTLEKAR LOSS CONTROL;126440323;philip@multidime.co.za;
YORKSHIRE SECURITY SERVICES;110409684;hanamel68@gmail.com;
ASS SECURITY;761786779;ass.bongani@gmail.com;
GRAAFF SECURITY SERVICES;213717369;gss@telkomsa.net;
ROMAN PROTECTION SOLUTIONS;861777326;kznadmin@roman.co.za;
SECURITAS TACTICAL (PTY) LTD;117860172;allan@piranha.za.net;
RSI HOSPITALITY TRAINING;113181396;rsisecurity@rsisec.co.za;
SERITI SECURITY SERVICES;219463660;info@seritisecurity.co.za;
LECTRONIC SECURITY SYSTEMS & SERVICES CC;119132104;;
K AND Z SECURITY AND CLEANING SERVICES;475326167;;
SECURIT;126411413;;
G & J FIREARM PROFICIENCY TRAINING (MALMESBURY);224822223;gjfirearm@telkomsa.net;
EAGLE PROTECTION SERVICE CC;213968250;;
NATIONWIDE SECURITY HOLDINGS (PTY) LTD;413650863;info@nationwidesecurity.co.za;
PRO FORCE SECURITY;861776367;proforce@worldonline.co.za;
EDEN SECURITY SERVICES CC;440500063;nfortuin@edensecurity.com;
CITY HAWKS SECURITY;215560017;admin@ukhuketshasecurity.co.za;
SEPUTLA TRADING;820633689;seputla.trading@yahoo.com;
MOTLEKAR LOSS CONTROL;126440323;philip@multidime.co.za;
G-TECH SERVICE AND INSTALLATION;117637419;sales@g-tech.co.za;
ALEGRO SECURITY SERVICES CC;152913703;brothian@vodamail.co.za;
ISOLEZWE TACTICAL SOLUTIONS;861102009;themba@isolezweprojects.co.za;
ALARM ENGINEERS SECURITY;118035944;admin@aesecurity.co.za;
RESULTS SECURITY SERVICES;866190334;;
SECURITAS TACTICAL (PTY) LTD;117860172;allan@piranha.za.net;
SHANKEN SECURITY SOLUTIONS AND 24 HR LOCKSMITHS;218524941;steve@shanken.co.za;
SEVEN STARS SECURITY SERVICES;514300556;7starssecurity@telkomsa.net;
INGQAPHELI SECURITY CC;357512177;ingqapheli@wpd.co.za;
VIDO SECURITY;114443330;alfred@vidosecurity.co.za;
SWART SECURITY CC;861628000;info@swartsecurity.co.za;
SSGS TRADING;218366327;;
CIPHER RISK AND SECURITY SOLUTIONS;113150633;;
FASTCATCH SECURITY;760378838;;
SEDINGWANE SECURITY CC;118226127;info@sedingwane.co.za;
LEKAODI BUSINESS ENTERPRISE (PTY) LTD;127000659;lekaodibusines@gmail.com;
MOLAODI SECURITY SERVICES (PTY) LTD;537122430;molaodissp201308658607@gmail.com;
WENZILE PHAPHAMA TRADING PROJECTS CC;137527700;jerry.ndala@wenzile.co.za;
B AND H SECURITY;446920432;johan.bhmoss@gmail.com;
POPE ALARMS;219751999;info@popealarms.co.za;
MAN SAFE SECURITY SERVICES;155164864;mansave@telkomsa.net;
ALARM ENGINEERS SECURITY;118035944;admin@aesecurity.co.za;
GRAAFF SECURITY SERVICES;213717369;gss@telkomsa.net;
KHUSELEKA BUSINESS ENTERPRISE CC;317095018;;
SIDAS SECURITY GUARDS;114123398;puleng@sida.co.za;
SHANKEN SECURITY SOLUTIONS AND 24 HR LOCKSMITHS;218524941;steve@shanken.co.za;
ACM SECURITY SERVICES;137524792;;
RSI HOSPITALITY TRAINING;113181396;rsisecurity@rsisec.co.za;
SOLID GLORY SECURITY AND CONSALTANT;125427406;solidglory@telkomsa.net;
SSGS TRADING;218366327;;
LERWANA GROUP;538713381;info@lerwana.co.za;
SEDINGWANE SECURITY CC;118226127;info@sedingwane.co.za;
K-9 DETECTION AND PROTECTION SERVICES;413661038;info@k-9dps.co.za;
SECURIT;126411413;;
MASIQHAME TRADING 515 CC;215104960;mbalienterprises@telkomsa.net;
PROBE SECURITY GROUP;116646312;probe@global.co.za;
A D T SECURITY;861212507;;
GATE TO DOOR SECURITY;538614444;gatetodoor@lantic.net;
SEPUTLA TRADING;820633689;seputla.trading@yahoo.com;
CCTV SECURITY SURVEILLANCE (GAUTENG);114545440;cctv@cctvsa.co.za;
G V G UNIT PROTECTION SERVICES (PTY) LTD;614379459;gladman.protec@gmail.com;
CANINE SPECIALISTS;832716011;;
SHEPHERD ALARMS;573884727;shepherdalams@absamail.co.za;
EMERALD SKY RISK SOLUTIONS;126542843;ilzwentzel@mweb.co.za;
SPLASH ELECTRONICS;123865239;;
SHEROES SECURITY AND PROJECTS;827677237;;
IMVULA GROUP;112027700;reception@imvula.net;
TRENDSEC;861264689;duane@dcgroup.co.za;
ADT SECURITY (PTY) LTD;861212300;;
MOONEY;312052380;;
KHUSELEKA BUSINESS ENTERPRISE CC;317095018;;
BLUE SECURITY;317175000;info@bluesecurity.co.za;
KAKANYO SECURITY;110728119;jeff@kakanyosecurity.co.za;
HANNAY SECURITY SERVICES (PTY) LTD;118250462;hannaysec@mail.com;
ANMAR GUARDING;219499785;andstaff@absamail.co.za;
C H T 32 SECURITY & PROJECTS (PTY) LTD;218381051;mlungisi.kota@gmail.com;
STEMAR SECURITY SYSTEMS;117915515;steve@stemar.co.za;
LAVENDER MOON TRADING 102 CC;214478578;;
EB ELECTRONICS;766355091;'darl1971@gmail.com';
MBA SECURITY GROUP;117944328;;
CENTURION TECHSERV;829247486;;
CAMSEC BK;313039368;sales@camsec.co.za;
EMERALD SKY RISK SOLUTIONS;126542843;ilzwentzel@mweb.co.za;
SPLASH ELECTRONICS;123865239;;
SECURITAS TACTICAL (PTY) LTD;117860172;allan@piranha.za.net;
C4 RISK SOLUTIONS (PTY) LTD;794998450;charl@c4risk.co.za;
WEBBER SECURITY CONSULTANTS;114753682;;
SECURITY & INVESTIGATION SERVICES;215551703;info@siservices.co.za;
GARONA SECURITY SERVICES CC;127271226;security@jubileemall.co.za;
MAKJUS TRADING AND PROJECTS CC;176470536;makjus@hotmail.com;
TRANSCASH SC (PTY) LTD;215512148;admin@transcash.co.za;
K AND Z SECURITY AND CLEANING SERVICES;475326167;;
GAB SECURITY SYSTEMS;217623232;;
MFUNDISO SECURITY SERVICES & TRAINING;392540280;nonekajakuja@gmail.com;
FIDELITY SECURITY SERVICES (PTY) LTD;349832133;johandw@fidelity.co.za;
PROBE SECURITY GROUP;116646312;probe@global.co.za;
EDEN SECURITY SERVICES CC;440500063;nfortuin@edensecurity.com;
FIDELITY SECURITY SERVICES (PTY) LTD;349832133;;
CSL COMMUNICATION;126612103;;
MTC SECURITY SERVICES;768864496;johan@mtcsecurityservices.co.za;
ASK CAPE WATCH SECURITY;282713115;admin@asksecurity.co.za;
MTEAM SECURITY AND CREW SUPPLY;312619746;mteam@vodamail.co.za;
ALEGRO SECURITY SERVICES CC;152913703;brothian@vodamail.co.za;
PYRO-TECH SECURITY SUPPLIERS CC;116153438;sonia@pyro-tech.co.za;
FALCON SECURITY;861222357;;
JN BEST SECURITY SERVICES;113330295;jnbest@gmail.com;
X-RAY SECURITY;498922219;tania_xray@telkomsa.net;
IGUGU SECURITY SERVICES;115246319;igugusecurity@telkomsa.co.za;
GARONA SECURITY SERVICES CC;127271226;security@jubileemall.co.za;
TOTAL SECURITY SERVICES;312671022;info@totalsecurityservices.co.za;
CIPHER RISK AND SECURITY SOLUTIONS;113150633;;
B-SECURE;333424111;b-secure@sai.co.za;
PROTEGE PROTECTION;836511282;info_protege@mweb.co.za;
CITI PROTECTION;860100202;wayneh@citiprotection.co.za;
ARMORTECH SOLUTIONS;213000292;info@armortech.co.za;
GCS SECURITY;129917744;info@gcssecurity.co.za;
MBA SECURITY GROUP;117944328;;
WESKUS SECURITY CC;219407723;weskussecurity@mweb.co.za;
MILESTONE INTEGRATED SYSTEMS (PTY) LTD;123451777;reception@milestone.co.za;
B AND H SECURITY;446920432;johan.bhmoss@gmail.com;
A D T SECURITY;861212600;;
ARAWH ELECTRICAL;117066184;;
ROMAN PROTECTION SOLUTIONS;861777326;kznadmin@roman.co.za;
ALARMMASTER;215297450;info@alarmmaster.co.za;
SHANKEN SECURITY SOLUTIONS AND 24 HR LOCKSMITHS;218524941;steve@shanken.co.za;
YALE SECURITY POINT;116560960;info@yalewoodmead.co.za;
U H A TECHNOLOGY SYSTEMS (PTY) LTD;218291510;info@uha-technologies.com;
KUZE KUSE SECURITY;723763208;pngubane@kuzekusesecurity.co.za;
VETUS SCHOLA PROTECTION SERVICES (PTY) LTD;219140352;;
LECTRONIC SECURITY SYSTEMS & SERVICES CC;119132104;;
ABAGADI SECURITY;313014092;;
N K PROTECTION SERVICES AND SECURITY;314627159;;
NICAPEACI TRADING & PROJECTS;116659037;;
EAGLE PROTECTION SERVICE CC;213968250;;
DURBAN SECURITY SERVICES;313128852;accounts@durbansecurity.co.za;
GCS SECURITY;129917744;info@gcssecurity.co.za;
SHAKA AND SIHLE SECURITY SERVICES;127993567;;
STEMAR SECURITY SYSTEMS;117915515;steve@stemar.co.za;
LAVENDER MOON TRADING 102 CC;214478578;;
SEPUTLA TRADING;820633689;seputla.trading@yahoo.com;
G V G UNIT PROTECTION SERVICES (PTY) LTD;614379459;gladman.protec@gmail.com;
PAPAMANI SECURITY SERVICES;861777791;info@papamani.co.za;
EL GONDOR TRADING 137;176312346;elgondorsecurity137@webmail.co.za;
ASS SECURITY;761786779;ass.bongani@gmail.com;
POPE ALARMS;219751999;info@popealarms.co.za;
M AND P LINEN;119902600;;
SPLASH ELECTRONICS;123865239;;
JEREMY VAUGN SECURITY CC;315662844;;
JOHNSONS PROPERTY MANAGEMENT;834620915;djohnson@telkomsa.net;
MAKOPANO RISK SOLUTIONS;119132582;andrew@makopano.co.za;
KAPANANG SECURITY SOLUTIONS (PTY) LTD;169336282;em.kapanang@gmail.com;
STOWAWAY SEARCH DOGS;312060775;topdoggm@mweb.co.za;
THE FENCE FORCE (VA);794287125;;
CORPORATE PROTECTION SERVICES;437270667;donna@private-investigation.co.za;
ABAGADI SECURITY;313014092;;
G & J FIREARM PROFICIENCY TRAINING (MALMESBURY);224822223;gjfirearm@telkomsa.net;
ALEX ALARMS;227132604;buzybee@mweb.co.za;
MAXSEC SECURITY SYSTEMS;110428755;info@maxsec.co.za;
GATE TO DOOR SECURITY;538614444;gatetodoor@lantic.net;
WESKUS SECURITY CC;219407723;weskussecurity@mweb.co.za;
BUYISA SECURITY;319025848;buyisa@telkomsa.net;
SECURE TRONICS;834546269;trevord@isoft.co.za;
D TECH;798425222;ahlatsh@gmail.com;
PANFAM SECURITY SERVICES;878130663;admin.panfam@express-rtb.co.za;
ICON SECURITY SERVICES (PTY) LTD;117892852;lynda@iconsecurity.co.za;
CCTV AND TIME MANAGEMENT SOLUTIONS;217015402;;
IMVULA GROUP;112027700;reception@imvula.net;
ENLIGHTENED SECURITY FORCE (PTY) LTD;514332447;;
BELL AND ASSOCIATES;313092478;;
SECURITY GUARDING SPECIALISTS;396841911;;
VUSA-ISIZWE SECURITY;313092718;services@intuthukoholdings.co.za;
N K PROTECTION SERVICES AND SECURITY;314627159;;
BOKAMOSO JO BONTLE CC;518751177;;
C H T 32 SECURITY & PROJECTS (PTY) LTD;218381051;mlungisi.kota@gmail.com;
MASIQHAME TRADING 515 CC;215104960;mbalienterprises@telkomsa.net;
NATIONWIDE SECURITY HOLDINGS (PTY) LTD;413650863;info@nationwidesecurity.co.za;
MOLAODI SECURITY SERVICES (PTY) LTD;537122430;molaodissp201308658607@gmail.com;
CAWOOD DG;215581190;duane@dcgroup.co.za;
MBA SECURITY GROUP;117944328;;
NTANICS SECURITY (PTY) LTD;392560710;ntanics@hushmail.com;
M S B SECURITY SERVICES;127576502;info@msbconsultancy.co.za;
EXPOL SECURITY SERVICES;861113473;sales@expolsecurity.co.za;
PHAPHAMA TASK FORCE;116149616;eatwell@phaphamataskforce.co.za;
NEO-SHO SECURITY SOLUTIONS;110230477;sales@neoshosecurity.co.za;
ENLIGHTENED SECURITY FORCE (PTY) LTD;514332447;;
INGQAPHELI SECURITY CC;357512177;ingqapheli@wpd.co.za;
IGUGU SECURITY SERVICES;115246319;igugusecurity@telkomsa.co.za;
AUTITED SECURITY PERFORMANCE;128073595;andre@a-s-p.co.za;
MZANSI ELECTRONICS AND OUTSOURCING;312035200;amesh@intgroup.co.za;
EVEREADY LOCKSMITH & SECURITY;110794984;cjwessels19@gmail.com;
RYGATE 24HRS PATROL;216376846;rygate@telkomsa.net;
FASTCATCH SECURITY;760378838;;
VALUE ADDED DISTRIBUTION (PTY) LTD;113261577;chrispolicing@yahoo.com;
B-SECURE;333424111;b-secure@sai.co.za;
TRENDSEC;215581190;duane@dcgroup.co.za;
POWER SECURITY;443827700;powersecurity@telkomsa.net;
MTC SECURITY SERVICES;768864496;johan@mtcsecurityservices.co.za;
MTEAM SECURITY AND CREW SUPPLY;312619746;mteam@vodamail.co.za;
GATE DOCTOR (PTY) LTD;118851329;;
G V G UNIT PROTECTION SERVICES (PTY) LTD;614379459;gladman.protec@gmail.com;
G AND J FIREARM PROFICIENCY TRAINING;224481789;jterblanche@gjfiretrain.co.za;
SIYABONGA PROTECTION SERVICES;314682004;frjoubert@mweb.co.za;
EMERALD SKY RISK SOLUTIONS;126542843;ilzwentzel@mweb.co.za;
VIVA SECURITY & LABOUR CONSULTANTS;825010012;zunaidm786@gmail.com;
IMVULA GROUP;112027700;reception@imvula.net;
FALCON SECURITY;861222357;;
YALE SECURITY POINT;116560960;info@yalewoodmead.co.za;
SWART SECURITY CC;861628000;info@swartsecurity.co.za;
VUKUZENZELE MULTI CONTRACTORS;110538036;peter72@gmail.com;
ELECTRA COMMUNICATION SOLUTIONS;;;
K AND Z SECURITY AND CLEANING SERVICES;475326167;;
B-SECURE;333424111;b-secure@sai.co.za;
GAB SECURITY SYSTEMS;217623232;;
ZIMISELE TRAINING SECURITY;587130546;info@zimiselesecurity.co.za;
BIG EYE ADVANCED SURVEILLANCE SYSTEMS;333461869;sales@texanco.com;
PRO FORCE SECURITY;861776367;proforce@worldonline.co.za;
LAVENDER MOON TRADING 102 CC;214478578;;
MBA SECURITY GROUP;117944328;;
SHIRELETSANG SECURITY & CLEANING SERVICES;119680350;dickson.mofekeng@shireletsang.co.za;
WESKUS SECURITY CC;219407723;weskussecurity@mweb.co.za;
CCTV SECURITY SURVEILLANCE (GAUTENG);114545440;cctv@cctvsa.co.za;
PYRO-TECH SECURITY SUPPLIERS CC;116153438;sonia@pyro-tech.co.za;
CANINE SPECIALISTS;832716011;;
ISOLEZWE TACTICAL SOLUTIONS;861102009;themba@isolezweprojects.co.za;
CAMSEC BK;313039368;sales@camsec.co.za;
RIGHT-FORCE SERVICE;828736715;;
DIGISCAN SURVEILLANCE;861228872;melissa@digiscan.co.za;
SIYAYA SECURITY;313046266;siyayasecurity@webmail.co.za;
MAKOPANO RISK SOLUTIONS;119132582;andrew@makopano.co.za;
VIDO SECURITY;114443330;alfred@vidosecurity.co.za;
TOTAL SECURITY SERVICES;312671022;info@totalsecurityservices.co.za;
CORPORATE PROTECTION SERVICES;437270667;donna@private-investigation.co.za;
ARMAGEDDON SECURITY;215116758;info@arma-geddon.co.za;
ZAKARIYAA SECURITY SERVICES;822292163;zakariyaanjovu@gmail.com;
BOSASA SECURITY;538511404;info@bosasa.com;
MAXIM SECURITY SERVICES (PTY) LTD;114528152;sales@maximsecurity.co.za;
CENTURION SYSTEMS (PTY) LTD;123491745;steven.williams@centurionsystems.co.za;
ALEX ALARMS;227132604;buzybee@mweb.co.za;
ALMIGHTY PROTECTION SERVICES;543310115;almighty@hotmail.co.za;
LIFESTYLE FURNISHERS (MAXCITY);128400007;maswanganyi.sammy@gmail.com;
ZEUS SECURITY;218724331;chantell@webiafrica.org.za;
ASS SECURITY;761786779;ass.bongani@gmail.com;
MAGARENG SECURITY AND GUARDING SERVICES;760794884;;
WHITE HORSE TRAINING SERVICES;137522648;cdmhlongo@webmail.co.za;
A D T SECURITY;861212600;;
GRAAFF SECURITY SERVICES;213717369;gss@telkomsa.net;
EYETLA TRADING CC;119696000;riette@eyetla.co.za;
KHULALUNTU SECURITY;861999962;khulaluntu@gmail.com;
IGUGU SECURITY SERVICES;115246319;igugusecurity@telkomsa.co.za;
ALCABLEZ (PTY) LTD;829315538;samueltom16@yahoo.com;
MAKJUS TRADING AND PROJECTS CC;176470536;makjus@hotmail.com;
TRANSCASH SC (PTY) LTD;215512148;admin@transcash.co.za;
BOSASA SECURITY;538511404;info@bosasa.com;
EYOMAMA BUSINESS INVESTMENTS;437228300;;
KOMPAS SECURITY;442722620;bluescc@absamail.co.za;
NATIONWIDE SECURITY HOLDINGS (PTY) LTD;413650863;info@nationwidesecurity.co.za;
A D T SECURITY;861212507;;
ASK CAPE WATCH SECURITY;282713115;admin@asksecurity.co.za;
PAPAMANI SECURITY SERVICES;861777791;info@papamani.co.za;
YORKSHIRE SECURITY SERVICES;110409684;hanamel68@gmail.com;
G AND J FIREARM PROFICIENCY TRAINING;224481789;jterblanche@gjfiretrain.co.za;
247 GROUP CC;837875311;sales@247group.co.za;
RIGHT-FORCE SERVICE;828736715;;
EYETLA TRADING CC;119696000;riette@eyetla.co.za;
PAPAMANI BUSINESS ENTERPRISES C.C.;116780236;;
ASTEC SECURITY;218711936;paarl@astek.co.za;
CAPITAL AIR SECURITY OPERATIONS (PTY) LTD;118270335;info@capitalairsa.com;
ULTIMATE 4 SECURITY;325522337;u4security@telkomsa.net;
IZINYOSI SECURITY SERVICES;861100109;izinyosisecurityservices@telkomsa.net;
A J SECURITY SERVICES;720134809;ajtechnical@vodamail.co.za;
LECTRONIC SECURITY SYSTEMS & SERVICES CC;119132104;;
SEDINGWANE SECURITY CC;118226127;info@sedingwane.co.za;
CENTURION GATES & ELECTRONICS;126641842;info@centgate.co.za;
C H T 32 SECURITY & PROJECTS (PTY) LTD;218381051;mlungisi.kota@gmail.com;
G & J FIREARM PROFICIENCY TRAINING (MALMESBURY);224822223;gjfirearm@telkomsa.net;
FAVOURIRER PROTECTIVE SERVICES;319031152;harryb@fpservices.co.za;
AAA LOCKSMITHS;800758623;info@lazersecurity.co.za;
KRUGERSDORP KOMMANDO;607856103;;
A J SECURITY SERVICES;720134809;ajtechnical@vodamail.co.za;
PROTEGE PROTECTION;836511282;info_protege@mweb.co.za;
MICROZONE TRADING 1369 CC;735212390;edenelectro@gmail.com;
URBAN PROTECTION SERVICES CC;127678441;ups@mweb.co.za;
GOING SECURITY SERVICES CC;799400240;;
MOTLEKAR LOSS CONTROL;126440323;philip@multidime.co.za;
NTANICS SECURITY (PTY) LTD;392560710;ntanics@hushmail.com;
MGABADELI SECURITY SERVICES;313012761;;
PYRO-TECH SECURITY SUPPLIERS CC;116153438;sonia@pyro-tech.co.za;
SECURI (NORTH);125468666;;
SUKUMA MZANSI SECURITY SERVICES;789914470;;
VUSUBHEKI MANAGEMENT SERVICES CC;119744088;bongani@vusubheki.co.za;
FALCON SECURITY;861222357;;
SECURITAS TACTICAL (PTY) LTD;117860172;allan@piranha.za.net;
C4 RISK SOLUTIONS (PTY) LTD;794998450;charl@c4risk.co.za;
SECURITY & INVESTIGATION SERVICES;215551703;info@siservices.co.za;
CAPITAL AIR SECURITY OPERATIONS (PTY) LTD;118270335;info@capitalairsa.com;
ULTIMATE 4 SECURITY;325522337;u4security@telkomsa.net;
Enforce Security Services (Pty) Ltd;357511293;info@enforce.co.za;
GUNNEBO SOUTH AFRICA (PTY) LTD;219319315;gunnebosa@gunnebo.com;
BORDER BUSINESS SYSTEMS;437269802;sales@veritec.co.za;
ABOUND;828596246;debbie@abound.co.za;
ALLIANCE SECURITY FENCING;823315965;admin@alliancesecurityfencing.co.za;
AUTOMATION WORLD;217971579;automationworld@telkomsa.net;
M SEC SECURITY (GEORGE);446950888;;
TOP SECURITY SYSTEMS (PTY) LTD;538311958;;
B A FENCING;117670900;bafencing@lantic.net;
BIG BEAR TORNADO TORCHES;114769520;pamdon@eject.co.za;
TRAXDOR;510112406;traxdor@lantic.net;
Enforce Security Services (Pty) Ltd;113124500;leons@enforce.co.za;
VAAL RAND SECURITY;169333444;wynand@vrsec.co.za;
TRIDENT SECURITY SERVICES (PTY) LTD;214248032;chriswickham@mweb.co.za;
MTN (MALMESBURY);221000400;chantal@maverick-mtn.com;
ITHEMBA SECURITY SERVICES;343264503;ithembasecurity@telkomsa.net;
MAFOKO SECURITY PATROLS (CAPE);217128405;mafoko.cape@mafokosp.co.za;
C R G;357873970;crgsecurity@iafrica.com;
CAME BPT (PTY) LTD;116163222;michellew@bptsa.co.za;
TOWA DATA SYSTEMS;313124360;praving@sacashregister.co.za;
COOL SOUND;169330722;coolsound@mweb.co.za;
PREMIER SECURITY;219300802;premiersecurity@nashuaisp.co.za;
SECURIFORCE CC;514303791;sw@securiforce.co.za;
BAR ONE SECURITY (PTY) LTD;117910396;bar1sec@mweb.co.za;
EMS EMERGENCY MANAGEMENT SERVICES;169861704;aldo@emsvaal.co.za;emsinfo@emsvaal.co.za
RADIO WAVES;413650680;rwavesadmin@absamail.co.za;
SCARBOROUGH SECURITY SERVICES;217801274;info@scarboroughsecurity.co.za;
ALPHINE SECURITY SERVICES;333979141;;
MAGNADOR;413602579;mustergaragedoors@yahoo.com;
AVENUE RESPONSE;215534679;tony@responseteam.co.za;
CHILLIGAN AUTO FITMENT;118142103;chilliganautofitment@gmail.com;
CARTRACK HEAD OFFICE;861227872;;
DEEP BLUE SECURITY;217907901;info@deepbluesecurity.co.za;
KGOSI MONENE GENERAL SERVICES CC;153075982;kgosimonene167@gmail.com;
TOPFENCE;726980923;sales@topfence.co.za;
BIDVEST PROTEA COIN;114721575;natashas@fidelity.co.za;
CANINE SECURITY (TVL) (PTY) LTD;861000059;;
D AND H FENCING (PTY) LTD;847287218;deonnel9@gmail.com;
T N D RISK MANAGEMENT CC;113391721;;
MOLOPO SECURITY CENTRE;183843290;molopo@telkomsa.net;
XIHLOVO SECURITY TRAINING CC;152913090;xihlovosecurityts@gmail.com;
CAM LIVE VISION;280501357;;
ALL SECURITY;543321293;samuel@allsecurityupt.co.za;
P & L ELECTRONICS;164549774;plelect@telkomsa.net;
THUNDER SOUND;314654588;info@thundersound.co.za;
CHILLIGAN AUTO FITMENT;118142103;chilliganautofittment@gmail.com;
AUDIO ACTIVE;333940561;0333940578@efg.co.za;
NATHI LIONS GROUP HOLDINGS;861074338;mashimane@webmail.co.za;
MAMBA STRIKE FORCE;116090227;jonathan@mambagroup.co.za;
WE INDLOVU KZN CC;349800567;weindlovu@telkomsa.net;
MARTIN STRODE CONTAINERS (PTY) LTD;443822608;louise08@telkomsa.net;
HJN TRAINING;152913931;hjn.polokwane@gmail.com;
DIMAKHO TRAINING AND SECURITY;117606848;info@dimakhosecurity.co.za;
POLYGRAPH CLARIFICATION PROFESSIONAL SERVICES (PTY) LTD;114775704;;
G4S SECURITY SERVICES (SA) (PTY) LTD;113865500;;
SECURI-TEAM;283131888;ajhaarhoff@absamail.co.za;
BIDTRACK VEHICLE TRACKING;215571500;carsound@mweb.co.za;
STUART STEEL WORKS;834481228;ssw@cics.co.za;
JACKCLIFFY TRADING CC;152972629;moses@jackcliffy.co.za;
SPY WORLD CC;833099007;info@spyworld.co.za;
ZELA-TECH ALARMS;177121354;;
GAMA PROTECTION SERVICES;155341150;;
MAGENTA SECURITY;343155784;infomagenta@telkomsa.net;
ALL VERSION SYSTEM;114313290;vsystems@webmail.co.za;
WISEGUARDS SECURITY SERVICES (ORANGE GROVE);114831296;;
H A B INTERNATIONAL CC;113147066;security@hab.co.za;
KWEZI RISK SOLUTIONS & CLEANING SERVICES;458381787;office@kwezirisksolutions.co.za;
GARDIER SECURITY SERVICES (PTY) LTD;219752264;admin@gardier.co.za;
NICBO MOTORS (PTY) LTD;118142601;chilliganautofitment@gmail.com;
EDEN FENCING;713638440;edenfencing@gmail.com;
MOLOMO AND SON'S SECURITY CC;154917341;molomosecurity@gmail.com;
SECUROLOK;227132492;securolok@gmail.com;
COP WATCH;126536417;qualify@copwatch.co.za;
DISCOUNT RADIO ALBERTON;118692033;drstyling@gmail.com;
LINDA SECURITY;152958000;limpopo@lindasecurity.co.za;
RIVONIA CAR SOUND SECURITY CELLULAR AIRCON;118076156;sales@rivoniacarsound.co.za;
J M K SECURITY SERVICES;186421488;jmksecurity@live.com;
CSS SECURITY;565151515;;
ELECTRONICS INC;282141679;electronicsinc@telkomsa.net;
TSUTSUMA TSOTSI SECURITY SERVICES;114218065;info@tsutsumatsotsi.co.za;
ALERT SECURITY;861988829;info@siyavuka.co.za;
CSS SECURITY;563433479;;
NOMADUKU SECURITY SERVICES;123238304;info@nomadukusecurity.co.za;
M C C SECURITY & PROJECTS CC;139473787;;
AMATOLA AUTO AIRCON & SECURITY CC;436424672;silvertonkwt@border.co.za;
KYA GUARDS (PTY) LTD;118853774;kyaguards@metroweb.co.za;
NORTHERN ACCESS SYSTEMS;152932953;northernaccess@mweb.co.za;
GAUTENG CAR SOUND & SECURITY;116164000;sales@gautengcarsound.co.za;
PHAKISA TECHNICAL SERVICES;169761502;wernhere@wdss.co.za;
KENTEK SECURITY;846083279;wilkentek@telkomsa.net;
LATHI-THA SECURITY SERVICES;437222875;admin@lathithasecurity.co.za;
RESCOM SECURITY;169323068;admin@rescom.co.za;
RAMAZWI SECURITY SERVICES;155162288;;
ACCESS CONTROL SECURITY SERVICES CC;214230840;acss@telkomsa.net;
EXIGENT SECURITY GROUP;118873316;info@axigentsecurity.co.za;
CAPE STORAGE (PTY)LTD;217039000;info@capestorage.co.za;
CSS TACTICAL (PTY) LTD;115771000;mphoa@csstactical.co.za;
Impi Group (Pty) Ltd;314672679;niel@impigroup.co.za;
AUTO SONIC;116602864;;
FIELD SECURITY SERVICES;137124917;fieldsek@vodamail.co.za;
VAN TONDER SECURITY SERVICES;218592778;vtss@telkomsa.net;
PROFESSIONAL LOSS CONTROL SERVICES;113944552;;
GRANITE SECURITY SERVICES;145966932;granitesecurity@webmail.co.za;
GAZA SECURITY SERVICES;113349045;gazasec@mweb.co.za;
ITAKANE TRADING 222 (PTY) LTD;147171946;;
SERVEST SECURITY;176381501;;
WOODSTOCK IMPROVEMENT DISTRICT THE;214621205;info@wid.co.za;
GALVEN SECURITY CC;147365506;galven2@gmail.com;
VUNANI SECURITIES (PTY) LTD;112639500;;
SUPER AUTO ELECTRICAL AND AIRCONDITIONING;137526908;supauto@lantic.net;
RED GUARD SECURITY;458397228;lauren@redguardsecurity.co.za;
BIDVEST PROTEA COIN;132430289;swanepoelh3@proteacoin.co.za;
CENTURION GATE MOTORS;514440373;info@dumela-trust.co.za;
FIRST IN GUARDS;317051235;;
ENVIRO WATCH SECURITY GROUP (PTY) LTD;399762723;ters@envirogroup.co.za;
DISTINCTIVE CHOICE SECURITY;219330171;brenner@dcsecurity.co.za;
QUICK FIX GLASS ALUMINIUM AND TRELLIDOR;357870173;;
MTSI SECURITY CONSULTING;475481134;mtsi@hyperlink.co.za;
SECHABA SABA TLOKOA;366317554;qedusizisecurity@telkomsa.net;
FUNULWAZI PROTECTION SERVICES;137522597;;
LETABA ALARMS;153075544;lsa@tzaneen.co.za;
TOTAL SECURITY;860111660;info@totalsecurity.co.za;
IMVUSA SECURITY & CLEANING SERVICES;119759975;imvusa931@telkomsa.net;
KASSELAMAN SECURITY SERVICES;177121354;;
NETSTAR CYBER SEARCH;136561666;;
SCORP SECURITY;445332234;sunelle@scorpsecurity.co.za;
SPRINGBOK SECURITY;448744874;;
ELECTRO SECURITY SERVICES;182906690;;
SECURITY BOYZ;163620648;;
VICTORIA CASH STORE;218522011;jeeten@iafrica.com;
RADIO AUTO SONIC CC;214617527;web@radioautosonic.co.za;
MATUMBA SECURITY SERVICES (PTY) LTD;154912275;matumbasecurity@telkomsa.net;
NEXOR SECURITY (PTY) LTD;184683792;;
INTRO-SPEC SA;861114871;;
ISIDINGO SECURITY SERVICES;313033777;info@isidingo.net;
SHURIKEN SECURITY;312050042;samantha@shuriken.co.za;
CAR RADIO & ALARM SPECIALISTS CC;118360021;;
NTAMO TECHNOLOGIES;860690712;admin@ntamotechnologies.co.za;
INTRO-SPEC;218531172;info@introspec-capetown.co.za;
BORN-TO-PROTECT SECURITY SERVICES CC;137552739;born-2-pro@telkomsa.net;
ALARM FENCING (KZN) CC;317055918;helpdesk@alarmfence.co.za;
MATHATA OUTSOURCING GROUP;137532838;mathatam@gmail.com;
LINK UP SECURITY;349808872;;
ISULABASHA ENTREPRENEURSHIP;319067851;;
SUN SECURITY;132352725;;
SECURE PROOF;218531559;info@secureproof.co.za;
DRS SECURITY;155162448;;
HI - TECH SECURITY;137124006;;
ENVIRO WATCH;363521300;envirowatch@webmail.co.za;
LENONG SECURITY SERVICES CC;127021139;;
ZANMARHEIM CANINE & SECURITY SERVICES;127540474;jan@zanmarheim9andsecurity.info;
ASSOCIATED SECURITY SERVICES;122505055;hbritz@assec.co.za;
COMPU-LOK;215311414;compulok@mweb.co.za;
ASBONGE SECURITY SERVICES;318221910;asbongesecurity@gmail.com;
MABABAZANE SECURITY;826347138;mababazanesecurity@yahoo.com;
RAZOR-SPIKE INTERNATIONAL;118878787;razorspike@mweb.co.za;
SPIDEREYE CORPORATION;735097617;;
THE CONQUERORS TRADING;110182569;theconquerorstrading@webmail.co.za;
JUNDU BUSINESS SERVICES;314629556;jundu@telkomsa.net;
EAGLE CCTV;214234943;eagle@eagle.co.za;
INTERTRADE SECURITY DISTRIBUTORS;448733296;tim@intertradesecurity.co.za;
SOUNDMATCH ELECTRONICS;216386302;;
KANGO SECURIY SERVICES CC;442722574;;
BIG 5 SECURITY;155160628;koevoet@telkomsa.net;
TWISTED SECURITY;114359365;equation1@iburst.co.za;
CMC SECURITY SERVICE;127713212;cmphaphuli@webmail.co.za;
SIBONGILE SECURITY SERVICES;333429443;sifiso@sibongilesecurity.co.za;
ALPHA SECURITY TRAINING;313057465;;
MEINTJIES NYEZI SECURITY & CLEANERS CC;790997683;;
ELLIES (PTY) LTD;414842641;gdavis@elliespe.co.za;
MCC SECURITY & PROJECTS;178431725;;
WONDER BARS;317655900;malcolmcampbell3@gmail.com;
BEAM SECURITY;219134767;;
A-FORCE SECURITY;317057442;aforce@telkomsa.net;
SCHEEPERS SECURITY SOLUTIONS;123236760;scheeperssecurity@gmail.com;
SPIDEREYE CORPORATION;735097617;;
CHIPPA CLEANING SERVICES;119178910;;
MOLANTWA SECURITY SERVICE;118501168;;
MOREMIS CRIME BLOCK SECURITY FORCE;123863189;;
JUNDU BUSINESS SERVICES;314629556;jundu@telkomsa.net;
ALLUTA PROTECTION SERVICES;218296239;allutaprotectionservices@gmail.com;
SEALS;315647064;bhumesecurity@gmail.com;
PRIVATE SECURITY INDUSTRY REGULATORY AUTHORITY;120030500;info@psira.co.za;
ASSOCIATED SECURITY SERVICES;122505055;hbritz@assec.co.za;
KANGO SECURIY SERVICES CC;442722574;;
D V L AUDIO;514485566;dvl@dvlaudio.co.za;
DW SECURITY GATES;731981683;;
MABABAZANE SECURITY;826347138;mababazanesecurity@yahoo.com;
VSSC SECURITY & CLEANING;413733845;admin@vssc.co.za;
SAMBO SECURITY TRAINING;562126758;sambosec@gmail.com;
DEFENSOR FORTIS SECURITY SERVICES;219020455;defensorfortis.ss@gmail.com;
WOMBAT PROTECTION SERVICES CC;218381219;wombatprotection@telkomsa.net;
ALEX ALARMS;224822717;buzybee@mweb.co.za;
A1 FENCING;726874037;antoniejordaan@yahoo.com;
CC CAM;769176221;e_elske@yahoo.com;
ELITE SECURITY SERVICES;827600143;mtshalics@hotmail.com;
NATIONWIDE SECURITY HOLDINGS (PTY) LTD;;info@nationwidesecurity.co.za;
COOPER STEEL SECURITY;123359024;dewaldkunz@gmail.com;
VUKELA SECURITY SERVICES;119076514;;
METRO PROTECTION SECURITY SERVICES;366310956;;
MASTER GATES;314624179;mastergates@eject.co.za;
J J LOCKSMITH;824551613;nomes_pepin28@yahoo.com;
NEPTUNE SECURITY GROUP SA PTY LTD;728728263;neptune085@gmail.com;
TOKA SECURITY;437260121;info@mega-link.co.za;
FRONTIER GUARDING SERVICES (PTY) LTD;176315705;byron@fqp.co.za;
WESTEC ELECTRONICS;117080492;info@westec.co.za;
SCHEEPERS SECURITY SOLUTIONS;123236760;scheeperssecurity@gmail.com;
HENCOR PROTECTION SERVICES;219102903;;
ULTIMA OPPORTUNITIES TWO CC;213619342;gcobo@telkomsa.net;
IMAGE AUDIO-UMHLANGA;315666444;admin@imageaudio.co.za;
MOLANTWA SECURITY SERVICE;118501168;;
HT;115362845;thomashlongwane@telkomsa.net;
KOLDEN ARROW SECURITY;158120741;edusolution@mweb.co.za;
THUKULULA PROJECTS;113941374;admin@thukulula.co.za;
MOTOR MUSIC CC;113410591;sales@motormusic.co.za;
JUNDU BUSINESS SERVICES;314629556;jundu@telkomsa.net;
FIBER GUARD;118644615;;
EVLANI TRADING;734160959;thulanibaloyi@webmail.co.za;
CHIPPA WASTE MANAGEMENT;119178910;chippa200@telkomsa.net;
POLYGRAPH CLARIFICATION SERVICES;114775704;;
INTERTRADE SECURITY DISTRIBUTORS;448733296;tim@intertradesecurity.co.za;
SOUNDMATCH ELECTRONICS;216386302;;
PARADISE SECURITY;437369768;brandtns@telkomsa.net;
ELECTRO - TEC;116653774;;
ASIKHULUME SECURITY & TRAINING SERVICES;117605528;;
WOMBAT PROTECTION SERVICES CC;218381219;wombatprotection@telkomsa.net;
THE DIRECTORATE OF SPECIALIZED SECURITY CC;839220750;enquieries@securitydirectorate.co.za;
SOMAKEPU TRADING ENTERPRISE;727940621;somakeputrading@gmail.com;
SOFTSIDE BUSINESS CENTRE;118523951;;
LAST LEVEL PROTECTION SERVICES CC;861073079;;
BINANG SECURITY SERVICES;539271533;;
A-FORCE SECURITY;317057442;aforce@telkomsa.net;
ALCOT SECURITY SYSTEMS;729264144;;
BK RISK SOLUTIONS SECURITY SERVICES & PROJECTS;119753766;kekanbrian@gmail.com;
ELITE SECURITY SERVICES;827600143;mtshalics@hotmail.com;
MAFOKO SECURITY PATROLS (PTY) LTD;413730374;;
MASALELA SECURITY AND CLEANING SERVICES (PTY) LTD;738886342;;
ON SITE SECURITY (POTCHEFSTROOM);182975290;onsitesecurity@telkomsa.com;
KOLDEN ARROW SECURITY;158120741;edusolution@mweb.co.za;
DAFRON SECURITY AND DEFENCE-MONTANA;125486248;sales@dafron.co.za;
PRIVATE SECURITY INDUSTRY REGULATORY AUTHORITY;120030500;info@psira.co.za;
ROBERTS;116098107;;
ZANMARHEIM CANINE & SECURITY SERVICES;127540474;jan@zanmarheim9andsecurity.info;
D V L AUDIO;514485566;dvl@dvlaudio.co.za;
PRINCE ENGINEERING;312621833;;
SENFORCE SECURITY & CLEANING;514300040;wh@senforce.co.za;
MEINTJIES NYEZI SECURITY & CLEANERS CC;790997683;;
SIYANAMUKELA SECURITY AND PROTECTION;218392026;ssprotection38@gmail.com;
SECHABA SABA TLOKOA;366317555;thembisechaba@yahoo.com;
KA SIDUBA SECURITY SERVICES;118501033;k.asidubaservices@yahoo.com;
C B SECURITY SOLUTIONS (PTY) LTD;164237746;nelia@cbsecurity.co.za;
CITY SECURITY SERVICES;861200105;citysec@telkomsa.net;
A1 FENCING;726874037;antoniejordaan@yahoo.com;
CC CAM;769176221;e_elske@yahoo.com;
METSU SECURITY SERVICES CC;446903252;mpho@metsu.co.za;
SECURITY SHOP;118943400;kobus@hig.co.za;
GATE ELECTRONICS;317085816;info@gate-electronics.co.za;
IMAGE AUDIO-UMHLANGA;315666444;admin@imageaudio.co.za;
AUTO-WIZZ;215114994;webmaster@auto-wizz.com;
JOHANNES SECURITY;113336900;;
CIKELA SECURITY & CLEANING SERVICES;113310417;nshabangu@gmail.com;
JRS SOLUTIONS;318112738;Seshme@jrssolutions.co.za;
LIKRUS SECURITY;538321675;;
THOLA UNCEDO PROTECTION;781587572;;
PHANGELA SECURITY & LABOUR;227191206;info@phangelagroup.co.za;
BULCOF SECURITY AND CLEANING SERVICES;475311810;bulcofs@yahoo.com;
BOWERS;219826339;;
LINDA SECURITY CC;178113241;ho@lindasecurity.co.za;
PROVINCIAL SECURITY SERVICES;344133002;profet@telkomsa.net;
MAWILTY TRADING ENTERPRISE;123236732;mawilty@yahoo.com;
BARIS PRIDE PROTECTION SERVICES;315093576;ibhelexec@gmail.com;
ANGEL SECURITY (PTY) LTD;218762548;;
CHIPPA CLEANING SERVICES;119178910;;
TIME TO KNOW SECURITY SERVICES;119063560;jerry.padima@gmail.com;
SKHUKHULA SECURITY & ALARM SERVICES;314622590;collinkhomo@mailbox.co.za;
MOLANTWA SECURITY SERVICE;118501168;;
TYZER-T-SECURITY & CLEANING SERVICES;114848102;tyzert@telkomsa.net;
SECURO CCTV;437211739;securo@mweb.co.za;
MOREMIS CRIME BLOCK SECURITY FORCE;123863189;;
EVLANI TRADING;734160959;thulanibaloyi@webmail.co.za;
MULTIVISION TECHNOLOGY;215554965;info@multivisiont.com;
SOLBETH PROTECTION AND RISK MANAGEMENT;317631079;info@solbeth.co.za;
BIG 5 SECURITY;155160628;koevoet@telkomsa.net;
MATASH GLOBAL TRADING;788206925;;
DW SECURITY GATES;731981683;;
BOWERS;219826339;;
COOL BOYS AIRCONDITIONING;119185652;info@coolboysair.co.za;
VSSC SECURITY & CLEANING;413733845;admin@vssc.co.za;
QEDUSIZI SECURITY;366317555;qedusizi@telkomsa.net;
TOKA SECURITY;437260121;info@mega-link.co.za;
COMPU-LOK;215311414;compulok@mweb.co.za;
SOMAKEPU TRADING ENTERPRISE;727940621;somakeputrading@gmail.com;
OMOTSO TRADING ENTERPRISE;110565257;methinterios@gmail.com;
BANDINGOZILE BUILDERS & SECURITY SERVICES CC;219860132;steven3077@ovi.com;
NYMPHE;836610077;;
TIME TO KNOW SECURITY SERVICES;119063560;jerry.padima@gmail.com;
POLYGRAPH CLARIFICATION PROFESSIONAL SERVICES (PTY) LTD;825615169;;
HENCOR PROTECTION SERVICES;219102903;;
MEGA-LINK IMPORTERS & EXPORTERS;437260121;info@mega-link.co.za;
IEC SECURITY;325863207;info@iecsecurity.co.za;
MULTIVISION TECHNOLOGY;215554965;info@multivisiont.com;
BOSASA SECURITY (PTY) LTD;448760145;jaques@bosasa.com;
SIHLE SECURITY SERVICES CC;834773565;moloisecurityservices@webmail.co.za;
CAPRICORN SECURITY;137527185;;
THOLA UNCEDO PROTECTION;781587572;;
TSHWANE FIREARM TRAINING AND SECURITY SERVICES;114922920;tshwaneriskmanagement@gmail.com;
J J LOCKSMITH;824551613;nomes_pepin28@yahoo.com;
PHANGELA SECURITY & LABOUR;227191206;info@phangelagroup.co.za;
MOLOI SECURITY SERVICES;113371333;moloisecurityservices@webmail.co.za;
SECURAWINDOW;860105419;;
SIBONGILE SECURITY SERVICES;333429443;sifiso@sibongilesecurity.co.za;
MODIMOLLE SECURITY SERVICES;147172049;smaluleke32@gmail.com;
NORBAIN SA (PTY) LTD;215104272;;
THE STORAGE PEOPLE;113108108;info@storagepeople.co.za;
GLOBAL SECURITY SYSTEMS CC;216964107;globalsecurity@mweb.co.za;
OMOTSO TRADING ENTERPRISE;110565257;methinterios@gmail.com;
MAFOKO SECURITY PATROLS (PTY) LTD;413730374;;
AXXESS SPORTS MEDIA;184620280;axxess.sm@vodamail.co.za;
ULTIMA OPPORTUNITIES TWO CC;213619342;gcobo@telkomsa.net;
S W SECURITY CC;119026374;info@swsecurity.co.za;
PRIVATE SECURITY INDUSTRY REGULATORY AUTHORITY;120030500;info@psira.co.za;
LETABA SECURITY;153071529;letabasecurity@tzaneen.co.za;
MATABS TRADING & COMMUNICATIONS;127524119;matabsprojects@gmail.com;
DW SECURITY GATES;731981683;;
ELECTRO - TEC;116653774;;
PRINCE ENGINEERING;312621833;;
E R S BIOMETRICS;834420075;sales@ersbiometrics.co.za;
ASG COMPUTERS CC;119757521;info@asg.co.za;
DARING SECURITY CC;215115373;;
CHARLIE'S BUILDING CONSTRUCTION CC;844654991;charliesbuildingcont@yebo.co.za;
FRONTIER GUARDING SERVICES (PTY) LTD;176315705;byron@fqp.co.za;
WESTEC ELECTRONICS;117080492;info@westec.co.za;
BEAM SECURITY;219134767;;
PROFESSIONAL SECURITY SYSTEMS & CONSULTING;393168355;profsec@venturenet.co.za;
CODEMA SECURITY SERVICES;768982686;codemaandile@gmail.com;
HENCOR PROTECTION SERVICES;219102903;;
ON SITE SECURITY (POTCHEFSTROOM);182975290;onsitesecurity@telkomsa.com;
ATHOPASI SECURITY SERVICES;313038413;xolani.mchunu@live.com;
JABUFRIGO TRADING ENTERPRISE;127527840;jabufrigo2@gmail.com;
JOHANNES SECURITY;113336900;;
L PLUTO PROTECTION SERVICES;118736263;;
LETABA SECURITY;153071529;letabasecurity@tzaneen.co.za;
NORBAIN SA (PTY) LTD;215104272;;
PROGRESSIVE TACTICAL SECURITY SERVICES (PTY) LTD;114854203;kitty@protass.co.za;
SOMAKEPU TRADING ENTERPRISE;727940621;somakeputrading@gmail.com;
KA SIDUBA SECURITY SERVICES;118501033;k.asidubaservices@yahoo.com;
BANDINGOZILE BUILDERS & SECURITY SERVICES CC;219860132;steven3077@ovi.com;
G X SECURITY;218297964;moses@gxsecurityservices.co.za;
RAZOR-SPIKE INTERNATIONAL;118878787;razorspike@mweb.co.za;
BURGLAR BAR SPECIALIST;741213417;burglarbars@vodamail.co.za;
SPIDEREYE CORPORATION;735097617;;
ALCOT SECURITY SYSTEMS;729264144;;
SWART SECURITY;215581822;hswart@swartsecurity.co.za;
MEGA-LINK IMPORTERS & EXPORTERS;437260121;info@mega-link.co.za;
AXXESS SPORTS MEDIA;184620280;axxess.sm@vodamail.co.za;
ULTIMA OPPORTUNITIES TWO CC;213619342;gcobo@telkomsa.net;
S W SECURITY CC;119026374;info@swsecurity.co.za;
ZABANQONDO SECURITY;119202396;zabanqondo@gmail.com;
J V A TRAINING;122576605;;
EVLANI TRADING;734160959;thulanibaloyi@webmail.co.za;
COMMUNITY SAFETY SECURITY & LIAISON (DCSSL);176472410;;
BIBLIOTEKE;123587911;leroyd@tshwane.gov.za;
MTN BUSINESS SOLUTIONS (PTY) LTD;119123000;sales@mtnbusiness.co.za;
POLOKWANE;152913580;nkhensanin@premierlimpopo.gov.za;
OMOTSO TRADING ENTERPRISE;110565257;methinterios@gmail.com;
CODEMA SECURITY SERVICES;768982686;codemaandile@gmail.com;
THE CONQUERORS TRADING;110182569;theconquerorstrading@webmail.co.za;
MASALELA SECURITY AND CLEANING SERVICES (PTY) LTD;738886342;;
SKHUKHULA SECURITY & ALARM SERVICES;314622590;collinkhomo@mailbox.co.za;
RIVONIA CAR SOUND;118076156;sales@rivoniacarsound.co.za;
HRG SECURITY SERVICES (PTY) LTD;415821716;freddie@hrg.co.za;
BELTING-WEB CC;312077946;beltingweb@africentral.co.za;
CRANBERRY CLOTHING;437220405;;
SIBONGILE SECURITY SERVICES;333429443;sifiso@sibongilesecurity.co.za;
VUSA-ISIZWE SECURITY;333450365;admin@vusapmb.co.za;
FIDELITY SECURITY SERVICES;349832166;herman@sizzling.co.za;
MULTISUNG GROUP (PTY) LTD;113633773;;
JOHANNES SECURITY;113336900;;
KIMWAY TECHNOLOGY;102240262;winston@kimway.co.za;
AUTOFAST AUTOMATION;315067000;autofast734@gmail.com;
ROBO DOOR;118240517;robodoor@telkomsa.net;
AFRIWIRE & STEEL (PTY) LTD;212024185;sales@afriwire.co.za;
COCHRANE CLEARVU;113941788;info@cochrane.co;
POLICE SERVICE (SA) (KIMBERLEY) PROVINCE;538384200;;
ROADRUNNER MOBILE LOCKSMITHS;832290331;autolock@wol.co.za;
ARMADILLO CONCEPTS (PTY) LTD;112306600;info@armadillosa.co.za;
PORT ELIZABETH COLLEGE;415857771;info@.pecollege.edu.za;
KAY'S AUTOMATIC GATES;217031301;anthony@automaticgates.co.za;
SUNDOWNER SKYLIGHTS;430500275;sales@masterblindsa.co.za;
RANDBURG FENCE GAUTENG (PTY) LTD;117042015;randfence@mweb.co.za;
KRB PROOFING;837581100;;
SAFE TECHNICIAN THE;824438179;thesafetechnician@telkomsa.net;
CHARLES RUST ASSOCIATES CC;119794994;chasrust@acenet.co.za;
FENCE STEEL (PTY) LTD;125431294;info@fencesteel.com;
JLP SECURITY TRADING (PTY) LTD;114663528;terence@megalock.co.za;
NATIONAL SAFE;219480730;info@nationalsafe.co.za;
KORREKTIEWE DIENSTE;218775700;lucy.khoane@dcs.gov.za;
FENCECRAFT;317015161;admin@fencecraft.co.za;
KING TRELLIS;116592351;sales@kingtrellis.co.za;
CAPE GATE;219377123;elfrieda@capegate.co.za;
SIMON WORKWEAR;118370936;graeme@simonworkwear.co.za;
GEORDER ENGINEERING;118681085;georder1@iafrica.com;
CUSTOM;312630484;;
CORRECTIONAL SERVICES (DRAKENSTEIN);218518155;benjamin.mncedane@dcs.gov.za;
Pretoria East Storage;124804010;jdbcon@mweb.co.za;
EURO STEEL;215905300;desterhuizen@eurosteel.co.za;
EURO STEEL;215905300;desterhuizen@eurosteel.co.za;
KLAPMUTS WINDOWS;218755885;klapwin@worldonline.co.za;
ALCAPE GROUP;217970880;;
CHUBB T/A UNITED SECURITY SERVICES (PTY) LTD;61237586;john.devilliers@chubb.com.na;
PRAG KEY & HEEL BAR CC;283130717;prag@hermanus.co.za;
FENCIT (TVL) (PTY) LTD;164211031;zelda@fencit.co.za;
MASTERKEY LOCKSMITHS;114213231;admin@masterkey.co.za;
NATGEAR;861628456;info@natgear.co.za;
PERFECT BLINDS;119544052;perfectblinds@telkomsa.net;
DEBBIES PRINTING SERVICES;123310449;debbies@acenet.co.za;
PROPERGATE SECURITY;214477216;propergate@new.co.za;
LOCKSMITH (BRYANSTON);117065571;bryanstonlocksmith@yahoo.com;
REFLEX PRODUCTS 1 CC;215119854;reflexct@mweb.co.za;
CITY LOCKSMITHS;123267816;;
ORANGE BUSINESS SERVICES (PTY) LTD;115177100;morgan.mierke@orange.com;
IMAGEMAKERS (PTY) LTD;214471290;sales@imagemakers.co.za;
DUCCI'S ENGINEERING WORKS (PTY) LTD;113182408;tedac@mweb.co.za;
KAY GEE SECURITY SYSTEMS;413791527;felicity@kgsecurity.co.za;
ALEX ELECTRONICS;333420006;alex@fan.co.za;
R K SECURITY SYSTEMS;315797850;rksystems@rksystems.co.za;
CAPE TRELLIS GATE;219113126;capetrellisgate@telkomsa.net;
NAMIBIA PROTECTION SERVICES;61223787;nps.accountant@iway.na;
AUTOMOTION;213851445;info@automotion.co.za;
CTU TRAINING SOLUTIONS (WEST RAND);117604321;twanet@ctutraining.co.za;
CORRECTIONAL SERVICES (KURUMAN);537120006;;
NIRO BLINDS;824124382;niro@telkomsa.net;
CAPE TOWN PARTNERSHIP;214191881;info@capetowncid.co.za;
CAPE TOWN CENTRAL CITY IMPROVEMENT DISTRICT;214191881;info@capetownccid.org;
CEPPWAWU SPRINGS;118121080;springs@ceppwawu.org.za;wits@ceppwawu.org.za
TRAXDOR;836592341;gary@traxdorpe.co.za;
I R POPE AND SONS (PTY) LTD;219751888;infosales@itecape.com;
KORREKTIEWE DIENSTE (CALEDON);282143740;pumzile.faas@dcs.gov.za;
WENTWORTH LOCKSMITH ELECTRICAL AND SECURITY;119555654;wentworthlock@mtnloaded.co.za;
JHB EXECUTIVE PARKING;119792043;execpark@netactive.co.za;
EASCAPE GLASS;824463655;kentonglass@telkomsa.net;
EXECUTIVE BLIND MANUFACTURERS;414502492;jason@executiveblinds.co.za;
UBUNYE UNIFORMS;215104245;jo@uuc.co.za;
UBUNYE UNIFORMS;215104245;jo@uuc.co.za;
AFRICAN OVERSEAS AGENCIES;215081250;0215113761@efg.co.za;
GLASFIT;152971286;glasfitp@mweb.co.za;
TUGELA TRUCK INN;366353114;tugelatruck@mweb.co.za;
HENSOLDT OPTRONICS;126740215;info@airbusds-optronics.com;
INTERPARK (SA) (PTY) LTD;216703300;anton@interpark.co.za;
CITY CAR PARK;214247329;tania.adams@netcare.co.za;
TNW GROUP;215515973;info@tnwcape.co.za;
City Keys Locksmiths;216891313;citykeys1@telkomsa.net;
KEY TRADING ENTERPRISE (PTY) LTD;119887333;siyabonga@mailbox.co.za;
MANGAUNG DISASTER MANAGEMENT CENTRE;514099600;;
OPEN DOOR GUEST HOUSE;123417212;talana@iburst.co.za;
PIENAAR BROTHERS (PTY) LTD;218641437;pb@iafrica.com;
HEIGHTSAFETY TRAINING ACADEMY;113143375;hr@heightsafety.co.za;
MIDWAY LOCKSMITHS;113153116;midwaylocks@gmail.com;
ALBION PRESS;215112244;info@albionpress.co.za;
ABLOY SECURITY LOCKS;312060937;abloy.kzn@polka.co.za;
ALPHA CARPORTS;318257700;info@alphacarports.co.za;
LITTLE SWEETHEART;125424704;amandae1914@gmail.com;
SAFLEC (PTY) LTD;114774760;gordon@saflec.com;
GORDIAN FENCE SA (PTY) LTD;219050361;info@gordian.co.za;
GATE-TRONICS;333874297;;
A A A STEELWORKS;825522606;aaasteelworks@gmail.com;
NEWCASTLE GLASS AND ALUMINIUM;343126660;;
KEMGATE LOCKSMITHS (KEMPTON PARK);119762663;;
SAFLEC (PTY) LTD;114774760;deanne@saflec.com;
SEDA WELKOM;579161960;lvolshenk@seda.org.za;
MID-WIT FENCING;136924243;midwitfence@iafrica.com;
Brimsec Solutions;219171556;stephen@brimsec.co.za;
DURBAN LOCKSMITH;722373293;dbnlock@telkomsa.net;
PHOENIX GATE AND FENCING CC;315009484;;
NATIONAL SEA RESCUE INSTITUTE;214344011;info@searescue.org.za;
KNYSNA STORAGE & WAREHOUSE;443823525;storage@cyberperk.co.za;
HOTEL 224;124405281;;
EXPRESS DOORS;128037241;prodoor@telkomsa.net;
SAD SACKS ARMY SURPLUS CC;313051841;sales@sadsacks.co.za;
CRAYONS EDUCARE CENTRE;216961421;info@crayonseducare.co.za;sharon@crayonseducare.co.za
TRICKS WROUGHT IRON SERVICES (PTY) LTD;317006588;tricks@argent.co.za;
MACLIN POWER FENCING;153080021;maclin@mweb.co.za;
SAFETY SECURITY AND LIAISON (SEKHUKHUNE DISTRICT);828014247;southonc@dssl.limpopo.gov.za;
ELDREW B & B GUESTHOUSE;446908299;info@eldrew.co.za;
NTATE AVIATION & SECURITY TRAINING.;119758669;tpjvb1@gmail.com;
HAYFIELDS SHOPPING CENTRE;333867030;rfortuin@broll.com;
FOR ALL YOUR BLINDS;448711155;fayb@absamail.co.za;
ET SYSTEMS;137554972;salesnelspruit@et.co.za;
VECTOR COLLEGE;514305328;admin@bbtechonline.co.za;
ILLY SA;114938701;info@nodoubtpi.co.za;
KOKSTAD LOCKSMITH;397273389;comdev1@hotmail.com;
POUVEER GUESTHOUSE;187713356;pouveer.gh@live.co.za;
VINNIES ELECTRICAL CONTRACTORS;118822546;info@vinnie.co.za;
SECURITY KIT CC;215343500;salpha@mweb.co.za;
HONEYMOON LODGE;152230404;admin@honeymoonlodge.co.za;
SELF STORAGE PRETORIA;128072812;jac@jjcycling.co.za;
NORTHGATE SELF STORAGE;117083474;northgatess@mweb.co.za;
STORAGE MEGA;218456070;info@storagemega.co.za;
MBURU SECURITY;66255911;mukuvep@iway.na;
NJR STEEL - MPUMALANGA;136566274;cbeyers@njrsteel.co.za;
GAUTENG UNIFORM SUPPLIES CC;114400020;ian@gautengus.co.za;
BLOM BETONMURE;236264865;0236264865@efg.co.za;
SUPPLY COR CC;117926463;supplycor@iburst.co.za;
THORBURN SECURITY SOLUTIONS (PTY) LTD;219488763;janine@thorburnsecurity.co.za;
GOLDEN ACRE PARKING;214191215;;
EMPOWERPRINT (PTY) LTD;114538960;sales@printout.co.za;
AIR CON SPARES INTERNATIONAL;333943450;airconint@vodamail.co.za;
SECURITY 24/7 CC;62504940;sec247@mweb.com.na;
PRIVATE INVESTIGATOR;624529935;private.tis@gmail.com;
AL SAMS LOCK & KEY;214471725;samslockandkey@telkomsa.net;
JI CONSTRUCTION PROJECTS;128111160;elise@jicon.co.za;
RAIN;113210333;info@rain.co.za;
SAPS (BADPLAAS);178441014;;
SNOWBALL;218802228;sales@snowball.co.za;
ASSA ABLOY (SA) (PTY) LTD;117615000;za.info@assaabloy.co.za;
COASTAL TRELLIS;317010517;sales@coastaltrellis.co.za;
SPARKS & ELLIS UNIFORMS;214041240;info@sparks.co.za;
KAROO HERBERG B & B;498423310;karooherberg@gmail.com;
S A SAFE EQUIPMENT CC;116095265;sales@sasafe.co.za;
PALMENHOF EXECUTIVE ESTATES;145363941;info@palmenhof.co.za;
X'STREME LOCKSMITH;837701697;;
NICHOLLS STEYN & ASSOCIATES;114627540;info@nicholls-steyn.com;
SOUTH AFRICAN TRANSPORT AND ALLIED WORKERS UNION;214619410;westerncape@satawu.org.za;
DOCULAM;312012092;dbn@doculam.co.za;
GLASS AND ALUMINIUM 2000 CC;154914156;ernawilliams@telkomsa.net;
ADVANCE HOME SOLUTIONS AND SECURITY WITBANK;861629732;Sandra@advancehome.co.za;
PHOFU TRADING T/A PHOFU UNIFORMS;152972019;phoffu@yahoo.com;
NEDSTEEL;219053612;accounts@nedsteel.co.za;
UNIQUE LIFESTYLE T/A UNIQUE COMMUNICATIONS;315665253;info@uniquecommunications.co.za;
TRIJICON;123294116;sales@ecmtech.co.za;
STOR-NOW (PTY) LTD;117043802;info@stor-now.co.za;
NEWCO TECHNOLOGY (PTY) LTD;215512267;admin@newco.co.za;
TSS PROTECTION SERVICE;219496693;tssprotection1@live.com;
THE B T C GROUP;333420481;anusha@btcgroup.co.za;
DOOR-O-MATIC CC;218538030;tightfitdoors@adept.co.za;
ANTI-CORRUPTION COMMISSION;614354000;;
B F S SECURITY ACADEMY;169819995;cindi@tps.co.za;
KRONENHOFF GUEST HOUSE;422301448;info@kronenhoff.co.za;
SPHANDILE TRADING ENTERPRISE;119073554;nomama.mbatha@sphandile.co.za;
MENLYN MOTOR SERVICES;123483090;mag@yebo.co.za;
MENLYN MOTOR SERVICE;123483090;mag@yebo.co.za;
NAPWU GUEST HOUSE;61222915;guesthouse@napwu.org.na;
ATCHIES JOINERY;314654794;atchiesjoinery@gmail.com;
MONTANA AUDIO;399782528;montanaaudio@telkomsa.net;
SOLITAIRE SOLUTIONS;119763534;;
POLYGRAPH INSTITUTE OF SA;824615279;info@polyinstitute.co.za;
ULTRA -DOR SLIDING SECURITY BARRIERS;393150178;climagate@vodamail.co.za;
TMI TECHNOLOGY;786397489;technology.tmi@gmail.com;
LIVE WIRE ELECTRIFIED FENCING;215526803;;
M I S SECURITY TRAINING ACADEMY;145556915;;
FANTASEA PROMOTIONS;514300743;info@fantaseapro.co.za;
ATTACHMATE;113228300;lpaledi@novell.com;
HYDRO DOORS;113978448;sales@digidoor.co.za;
LASKE NAKKE LODGE;132352886;info@lodgelaskenakke.co.za;
TOPPERS UNIFORMS (PTY) LTD;216963521;toppers@telkomsa.net;
PRO BAR;219826984;probar@telkomsa.net;
H M BEETS KLEUTERSKOOL;233161614;0233161614@efg.co.za;
SHADE-TIQUE CC;137552605;sales@shade-tique.co.za;
DNO SOUND & SECURITY;114355806;oscarmasemola@yahoo.com;
TRANSPARENT BURGLAR BARS;218630509;info@hestiasecurity.co.za;
MR HANDYMAN;437263562;;
TRELLIDOR;137524022;trellisales@gmail.com;
STEELTUFF WORKWEAR OVERALL MANUFACTURERS;118526704;steeltuff@gmail.com;
GATEWAY LOCKSMITHS;315662212;gatewaylocksmith@live.co.za;
TRADEWINDS LODGE;319037254;;
SECURITY AND STYLE;343151452;xpandaman@telkomsa.net;
CEE CEE STEELWORKS;724365185;chrisreyneke@twk.co.za;
XTRASPACE STORAGE;826692446;;
D C C CAMPUS;313042007;info@dcccampus.ac.za;
TRELLIDOR (PORT SHEPSTONE);393155451;;
BLUEJEANS IT SOLUTIONS CC;114540554;bluejeans@bluejeans.co.za;
LITTLE FLOCK CHRISTIAN PRE-SCHOOL;114622644;littleflock@nccb.org.za;
MOLOI & KIRBY (PTY) LTD;313054663;0313054673@efg.co.za;
XPANDA (WEST COAST);227151535;bonvoy@telkomsa.net;
PRINCE ASORO GENERAL CONSTRUCTION CC;114930737;princeasoro@gmail.com;
T D P ELECTRICAL;317621888;;
MOLOPO EXECUTIVE COUNTRY LODGE;183816463;info@travellodge.co.za;
PRODUCTIVIT CC;861488848;SALES@PRODUCTIVIT.CO.ZA;
JARU DESIGN;825568543;;
ALU-G;437263899;;
SUNFLEX WINDOW TINTING CC;215525583;sunflex@telkomsa.net;
SIDULA ABANYE TRADING PTY (LTD);313273200;inkunziinvestment@gmail.com;
INCREDIBLE DOOR;861102340;;
THE CRAFT SHOP STEELWORK;116921991;nreed@telkomsa.net;
MOLOI & KIRBY (PTY) LTD;313054663;0313054673@efg.co.za;
ANDRE'S AUTO ELECTRICAL AND ELECTRONIC CLINIC;219052887;precision.auto@vodamail.co.za;
HYDROCYL INGENIEURSWERKE;116932302;hydrocy@wol.co.za;
SIPHIKELELE CRIME PREVENTION SECURITY;357934070;;
MOLOPO EXECUTIVE COUNTRY LODGE;183816463;info@travellodge.co.za;
JARU DESIGN;825568543;;
ADVANCED COMMUNICATIONS;413739194;pe@advcom.co.za;
MCAFEE SOUTH AFRICA (PTY) LTD;117075500;info_sa@mcafee.com;
CRYVIN GROUP BUILDING THE NATION;825798077;info@cryvingroup.co.za;
TRADEWINDS LODGE;319037254;trawind@iafrica.com;
KINGDOM DOORS;312017304;kingdomdoors@gmail.com;
POLICE SERVICE (SA) (BEESTEKRAAL);122528520;assen.sc@saps.gov.za;
GREMLIN AUDIO;314015552;gremlin-audio@telkomsa.net;
CAMPBELL'S LOCKSMITHING CENTRE (PTY) LTD;117872506;;
CREATIVE + INDUSTRIAL COATINGS (PTY) LTD;145973652;trellidorpes@mweb.co.za;
P G GLASS;114674083;wjeanings@pgglass.com;
TECHEXPERTS;100130193;info@techexperts.co.za;
INDEPENDENT CAR RADIO & AIRCONDITIONING (PTY) LTD;126635136;tec@indicar.co.za;
FISCHER SAFES AND SECURITY SOLUTIONS;117912304;robert@safeandsecurity.co.za;
A RAYA HOTELS BALMORAL HOTEL;313688220;rayacro3@mweb.co.za;
POLICE SERVICE (SA);147637952;;
TRELLIDOR (KNYSNA);443826195;trellidorknysna@telkomsa.net;
MUNICIPALITY;539631331;;
XTREME AUTO SECURITY ACCESSORIES;114528660;;
THE KIT GROUP;123358913;orders@kitgroup.co.za;
ASSOCIATED FENCING AND STEEL PALISADE;315621310;;
ALACRITY TECHNOLOGIES;214868800;info@alacrity.co.za;
WELTEVREDEN FENCING;117634014;sales@weltfence.co.za;
CEDAR STORAGE;118752132;storage@cedarstorage.co.za;
POLICE SERVICE (SA);549832437;;
CAMPBELL'S LOCKSMITHING CENTRE (PTY) LTD;117872506;;
TEST A FENCE;836021660;info@testafence.co.za;
LOUD AND CLEAR AUTO SOUND AND SECURITY;215574155;;
COMZTEK (PTY) LTD;118489000;mabelt@comztek.co.za;
SANDPALM DOORS CC RE CC;117432635;;
BASIC SECURITY;118116245;;
ASAP HOME ASSIST;861922226;;
ANN E CREATIONS;313014905;info@ann-e-creations.co.za;
SEQURE TRELLIS;413604947;;
POLICE SERVICE (SA) - HARTEBEESKOP;178821000;;
DOOR DOCTOR;823568336;;
POLICE SERVICE (SA);408426138;;
PAROW LOCKSMITHS & STAMPS;219110502;parowlock@neomail.co.za;
FENCING 4 AFRICA;105931633;;
XPANDA (WEST COAST);227151535;bonvoy@telkomsa.net;
NORWOOD B & B;475311440;norwoodbb@telkomsa.net;
SIPHIKELELE CRIME PREVENTION SECURITY;357934070;;
SILICON OVERDRIVE CC;214485759;website@overdrive.co.za;
RELIABLE SERVICES;794407861;shaizadchougule@gmail.com;
DC FENCING AND PROJECTS;760167811;dcfence@outlook.com;
SUNRISE MONTESSORI PRE-SCHOOL;333421057;scasimjee@telkomsa.net;
SINIA SECURITY SERVICES;219520515;;
POLICE SERVICE (SA);539949200;;
AL-IKHLAAS GUEST HOUSE;312088709;info@al-ikhlaas.co.za;
WESTECH;115194900;support@westech.co.za;
MUSGRAVE FENCING`;399782549;;
LINE FEVER PTY LTD;865746383;info@linefever.co.za;sean@linefever.co.za
VAN WYK'S GUEST HOUSE;828778417;verdiend@interkom.co.za;
BARNARD JACOBS MELLET;113035910;mnel@bjm.co.za;
SEQURE TRELLIS;413604947;;
CORPORATE CHAUFFEURING AND TRANSFERS;861102096;alex@aerocure.co.za;
EDGE TO EDGE LOCKSMITHS;834551415;edge2@vodamail.co.za;
LOCKURITY LOCKSMITH CC;118667716;;
TINTING DYNAMICS;219110407;impressive@mweb.co.za;
HYDROCYL INGENIEURSWERKE;116932302;hydrocy@wol.co.za;
SIPHIKELELE CRIME PREVENTION SECURITY;357934070;;
FERMAX SOUTH AFRICA;114226001;matthew@fermax.co.za;
ALACRITY TECHNOLOGIES;214868800;info@alacrity.co.za;
CRYVIN GROUP BUILDING THE NATION;825798077;info@cryvingroup.co.za;
ABIE AND ANDERSON FENCING;117641758;abiesgate@gmail.com;
FIVESTARS ELECTRICAL & DSTV;742232872;anthonym455@gmail.com;
TRADEWINDS LODGE;319037254;trawind@iafrica.com;
IHS.INDUSTRIAL HARDWARE SUPPLIERS;119084042;;
POLICE SERVICE (SA) (HAZYVIEW);137511147;www.saps@gov.za;
F Q MANUFACTURERS;215554871;;
COMZTEK (PTY) LTD;118489000;mabelt@comztek.co.za;
GRANT SECURITY CC;319028997;sales@grantsecurity.co.za;
AVES CYBER SECURITY (PTY) LTD;114752407;;
RMD TECHNOLOGY;110263115;support@rmdtechnology.co.za;
DANLEC ELECTRICAL CC;312025481;danlec@telkomsa.net;
J F T PROFESSIONAL SECURITY;860109074;;
SUPER GROUP TRADING;118929000;careers@supergrp.com;
LINKWORLD DISTRIBUTORS;126635571;svermaak@linkworld.co.za;
MOKGATLA SECURITY;113108066;;
JARU DESIGN;825568543;;
ALU-G;437263899;;
MULTIFENCING;116646642;multifencing@mweb.co.za;
ADVANCED COMMUNICATIONS;413739194;pe@advcom.co.za;
NO C TRANSPARENT SECURITY DOORS AND BURGLAR BARS;415810816;pe@gss-sa.co.za;
REX HOTEL;114206095;;
AUTO AND GLASS SHADE WINDOW TINTING;766191322;autoandglass@vodamail.co.za;
BLITZ DRUKKERS;153099267;;
SOTOBE'S LOCKSMITH;826423401;sotobe'slocksmith@gmail.com;
LAZER 911 SECURITY;861910911;;
ABSOLUTE DOORS;825795066;pyper@54.co.za;
DUROCRETE FENCING & SECURITY;843817874;willie@duracrete.co.za;
M I S SECURITY;837286811;seanj@yahoo.com;
RINO SAFETY;730352677;;
SQ RISK SA SECURITY SOLUTIONS;435340277;admin@sqrisksa.co.za;
SEQURE TRELLIS;219198626;;
MULLER;878077241;info@nomad.za.com; sales@nomad.za.com
POLICE SERVICE (SA);398331005;;
EAR ENGINEERING;218554462;eare@telkomsa.net;
T D P ELECTRICAL;317621888;;
KIT GROUP THE;115380000;orders@kitgroup.co.za;
PROTRACTA DOOR;861902832;protracta@lantic.net;
ROBO GROUP OF COMPANIES;118240517;;
VIMBA ALU-DOR;357871319;vimba@ballmail.co.za;
POLICE SERVICE (SA) (BEESTEKRAAL);122528520;assen.sc@saps.gov.za;
SEQURE TRELLIS;125416555;info@sequre.co.za;
ACDC DOORS & GATES;746238516;pienaarjapie41@gmail.com;
SUREPRO CARPORTS AND FENCING;125243425;morne.r@telkomsa.net;
BTM SECURITY TRANSPORT & PROJECTS (PTY) LTD;762361225;kjmaele@gmail.com;
SOUTH AFRICAN POLICE (ORANJEVILLE);123931055;;
EKHAYA LENTOKOZO BED AND BREAKFAST AND CONFERENCING;315039159;ppkganye@gmail.com;
PANORAMA STEEL WORKS;219397540;;
KADRI CONSTRUCTION;178197005;susan@kadri.co.za;
POLICE SERVICE (SA);398331005;;
BEFORE THE WIND INVESTMENTS (PTY) LTD;113261709;btwi@telkomsa.net;
SUNFLEX WINDOW TINTING;129931806;;
THE CRAFT SHOP STEELWORK;116921991;nreed@telkomsa.net;
AUREUS SELF STORAGE & TRAILER HIRE;114123365;henniemaree57@gmail.com;
MEINTJIES FENCING (EDMS) BPK;117691440;mfence@mfence.co.za;
THE HOBS GROUP SOUTH AFRICA;862277706;info@thehobsgroup.co.za;
POLYGRAPH PROACTIVE;865387557;;
RANDBURG GATES AND AUTOMATION;711369615;;
EXPANDA;422931030;boss@smhart.co.za;
MASTERGATE;117943225;mastergate@polka.co.za;
SOUTH AFRICAN SOCIAL SECURITY AGENCY (VICTORIA WEST);536210239;GrantsEnquiriesNC@sassa.gov.za;
PROTASS (PTY) LTD;114854203;kitty@protass.co.za;johann@protass.co.za,info@protass.co.za
TRADEWINDS LODGE;319037254;trawind@iafrica.com;
STATION GARAGE RADIO ALARMS & AIRCON;117633481;station@tiscali.co.za;
F Q MANUFACTURERS;215554871;;
CASHBUILD (LICHTENBURG);186326235;;
HARALAMBOUS CONSULTING;812474774;info@haraconsulting.co.za;
DARLING SECURITY SERVICES;224922011;hendrycleophas26@gmail.com;
POLICE SERVICE (SA);398331005;;
VERTIGO TECHNOLOGY & SUPPORT (PTY) LTD;224331003;info@vertigosa.net;
GROSS WORK WEAR UNIFORMS OVERALLS;800047677;tony@gross.co.za;
PHANTOM CANOPIES;414522961;;
SOUTH AFRICAN SOCIAL SECURITY AGENCY;536650052;;
EQUITY FIRE SOLUTIONS;218113473;info@equityfiresolutions.co.za;
ANDRE'S AUTO ELECTRICAL AND ELECTRONIC CLINIC;219052887;precision.auto@vodamail.co.za;
SOWETO WHOLESALERS (PTY) LTD;118257204;;
SAGA SECURITY (PTY) LTD;127704236;;
TAKALANI GATES & PALLISADES;118684709;;
RACEWAY AUTO DETAILING;333427124;amazing.glazed@gmail.com;
CERNY;114402867;info@cerny.co.za;
PAM GOLDING PROPERTIES;147631242;ellisras@pamgolding.co.za;
PC JUNCTION;878027278;new_web@pcjunction.co.za;
FIVESTARS ELECTRICAL & DSTV;742232872;anthonym455@gmail.com;
SANDPALM DOORS CC;117432635;;
CEDAR STORAGE;118752132;storage@cedarstorage.co.za;
ELECTRONICS 123;123322356;beatrix@electronics123.co.za;
STATION GARAGE RADIO ALARMS & AIRCON;117633481;station@tiscali.co.za;
NOORSPOORT GUEST FARM;498350001;info@noorspoort.co.za;
MAXIDOR (PTY) LTD;317059301;durban@maxidor.co.za;
VAN WYK'S GUEST HOUSE;828778417;verdiend@interkom.co.za;
AVES CYBER SECURITY (PTY) LTD;114752407;;
RMD TECHNOLOGY;110263115;support@rmdtechnology.co.za;
ROPE WORKZ;215511197;info@ropeworkz.co.za;
DYNAMIC ALTERNATIVES (PTY) LTD;860104377;dom@daprotect.com;
STARCK SPECIALIST;114774766;xpresss@iburst.co.za;
HYDROCYL INGENIEURSWERKE;116932302;hydrocy@wol.co.za;
SHADOW DISTRIBUTORS;724969674;shadowaccounts@vodamail.co.za; shadowdistributors@mtnloaded.co.za
COMUNE.IT;725714487;sebastiaan.burger@comune.co.za;
EXPANDA;422931030;boss@smhart.co.za;
GREEFF STEELWORX;793481998;fusions@vodamail.co.za;
POLICE SERVICE (SA);215718500;wc-budget@saps.org.za;
FIVESTARS ELECTRICAL & DSTV;742232872;anthonym455@gmail.com;
GKS CONSTRUCTION CC;825918880;gksconstruction@vodamail.co.za;
BRETTROW PROTECTION SERVICES;315847226;;
ELJADA AIRPORT PARKING;119724369;eljada@mweb.co.za;
UDABA ALUMINIUM AND SECURITY GATES;318360708;udabaprojects@gmail.com;
BB TECHNOLOGIES;514305629;;
ABSOLUTE DOORS;825795066;pyper@54.co.za;
RADIO SURVEILLANCE SERVICES (PTY) LTD;538311629;;
ETA DESIGN CC;119735147;eta.designcc@mweb.co.za;
ULTRA -DOR SLIDING SECURITY BARRIERS;393150178;;
FENCING 4 AFRICA;105931633;;
THE KIT GROUP;123358913;orders@kitgroup.co.za;
ARMADILLO CONCEPTS (PTY) LTD;112306600;info@rollerstyle.co.za;
POLICE SERVICE (SA);236158120;;
POLICE SERVICE (SA);339960851;;
SAPS (THABANCHU);123931055;;
ABIE AND ANDERSON FENCING;117641758;abiesgate@gmail.com;
NO C TRANSPARENT SECURITY DOORS AND BURGLAR BARS;415810816;pe@gss-sa.co.za;
RELIABLE SERVICES;794407861;shaizadchougule@gmail.com;
CASHBUILD;799323390;cashbuildonline@cashbuild.co.za;
DIGIDOOR;861223444;;
LALI SECURITY AND CLEANING SOLUTIONS;213700036;;
EXCLUSIVE STEELWORKS;283132421;;
EHS SECURITY CC;312052012;ravi@independenttally.co.za;
COMZTEK (PTY) LTD;118489000;mabelt@comztek.co.za;
D AND F FENCING AND CONSTRUCTION;136562261;dandfencing@telkom.sa.net;
POLICE SERVICE (SA);335061014;;
GRANT SECURITY CC;319028997;sales@grantsecurity.co.za;
HAMPSHIRE HOTEL;325866000;;
DELTALINK CONSULTING CC;114785443;sales@deltalink.co.za;
ARENDSEN BUSINESS ENTERPRISES;878087963;;
MOKGATLA SECURITY;113108066;;
SOUTH AFRICAN POLICE (ADDO);123931055;;
AUREUS SELF STORAGE & TRAILER HIRE;114123365;henniemaree57@gmail.com;
POLICE SERVICES (SA);517539100;;
TRANSPORT & ALLIED WORKERS UNION;219487840;mawongatlwu@telkomsa.net;
POLICE SERVICE (SA);339960851;;
GNG RISK MANAGEMENT AND SECURITY CC;116809235;gngriskmanagement@gmail.com;
TRADEWINDS LODGE;319037254;trawind@iafrica.com;
POLICE SERVICE (SA) (BEESTEKRAAL);122528520;assen.sc@saps.gov.za;
TECHNO SAT;110470910;churchillmr@webmail.co.za;
SEQURE TRELLIS;125416555;info@sequre.co.za;
ELECTRONICS 123;123322356;beatrix@electronics123.co.za;
FIRST PIT STOP ENGINEERING SUPPORT;825093982;goldersgreenza@gmail.com;
SOTOBE'S LOCKSMITH;826423401;sotobe'slocksmith@gmail.com;
NOORSPOORT GUEST FARM;498350001;info@noorspoort.co.za;
DUROCRETE FENCING & SECURITY;843817874;willie@duracrete.co.za;
GRANT SECURITY CC;319028997;sales@grantsecurity.co.za;
INDEPENDENT CAR RADIO & AIRCONDITIONING (PTY) LTD;126635136;tec@indicar.co.za;
POLICE SERVICE (SA) - HARTEBEESKOP;178821000;;
SQ RISK SA SECURITY SOLUTIONS;435340277;admin@sqrisksa.co.za;
CORPORATE CHAUFFEURING AND TRANSFERS;861102096;alex@aerocure.co.za;
RENEW A DOOR 24 HOURS;116830824;wayne.davids@yahoo.com;
SOUTH AFRICAN POLICE (ADDO);123931055;;
COMUNE.IT;725714487;sebastiaan.burger@comune.co.za;
LIE DETECTION SOLUTION CENTRE;312667097;info@polygraphconsultants.co.za;
BIDVEST SECURITY;762752437;;
UNIMAX;119078640;unimaxad@telkomsa.net;
NEW CLICKS SA (PTY) LTD;514483986;info@pmaconsulting.co.za;
EJ'S ACCOUNTING & TAX PRACTIONERS;829745441;chaps@webmail.co.za;
IKGODISENG BUSINESS CONSULTING CC;123210009;;
BB TECHNOLOGIES;514305629;;
F Q MANUFACTURERS;215554871;;
P G GLASS;114674083;wjeanings@pgglass.com;
BTM SECURITY TRANSPORT & PROJECTS (PTY) LTD;762361225;kjmaele@gmail.com;
24HR LOCKSMITH;114827874;;
ALL DO GARAGE DOORS;120041826;info@alldo.co.za;
ARENDSEN BUSINESS ENTERPRISES;878087963;;
EQUITY FIRE SOLUTIONS;218113473;info@equityfiresolutions.co.za;
SIPHIKELELE CRIME PREVENTION SECURITY;357934070;;
ARMADILLO CONCEPTS (PTY) LTD;112306600;info@rollerstyle.co.za;
DATAPRO;878050000;claytont@voxtelecom.co.za;
PRETORIA PROPERTY MAINTENANCE;609769618;;
XPANDA SECURITY;861972632;;
GOSEAMLESS;117282047;info@goseamless.co.za;
SAPS (THABANCHU);123931055;;
PROTOCOL K9;110278181;protocolk9@gmail.com;
RED ALERT SECURITY;113922235;;
REX HOTEL;114206095;;
ELJADA AIRPORT PARKING;119724369;eljada@mweb.co.za;
SBM ELECTRO MECHANIC;119026334;Bonganig@webmail.co.za;
POLICE SERVICE (SA) (HAZYVIEW);137511147;www.saps@gov.za;
SOTOBE'S LOCKSMITH;826423401;sotobe'slocksmith@gmail.com;
WESTECH;115194900;support@westech.co.za;
SOUTH AFRICAN POLICE (AFSONDERING);392568462;;
TAURUS IT;795159432;info@taurusit.co.za;
SANDPALM DOORS CC RE CC;117432635;;
COFLER & CO (PTY) LTD;114826944;pino@netactive.co.za;
BIG FIVE CONSTRUCTION;538321101;kiara@bigfiveconstruction.co.za;
ULTRA -DOR SLIDING SECURITY BARRIERS;393150178;;
YOSTORAGE;114930505;info@yostorage.co.za;
SIPHIKELELE CRIME PREVENTION SECURITY;357934070;;
THE HOBS GROUP SOUTH AFRICA;862277706;info@thehobsgroup.co.za;
GRENADE SECURITY SERVICES;164218009;;
GOSEAMLESS;117282047;info@goseamless.co.za;
CAP SECURITY;861227227;info@capgroup.org.za;
FIVESTARS ELECTRICAL & DSTV;742232872;anthonym455@gmail.com;
DC FENCING AND PROJECTS;760167811;dcfence@outlook.com;
SUNRISE MONTESSORI PRE-SCHOOL;333421057;scasimjee@telkomsa.net;
BENNETTS IT WORKS;314661583;sales@bitworks.co.za;
ELJADA AIRPORT PARKING;119724369;eljada@mweb.co.za;
FARITEC HOLDINGS LTD;118441000;info@faritec.com;
LOUD AND CLEAR AUTO SOUND AND SECURITY;215574155;;
SUREPRO CARPORTS AND FENCING;125243425;morne.r@telkomsa.net;
SOUTH AFRICAN POLICE (AFSONDERING);392568462;;
INCREDIBLE DOORS;764567892;;
ABIES SECURITY;118521966;info@abies.za.com;
DYNAMIC SECURITY SOLUTIONS;514210321;info@fs-security.co.za;
MIRACLE ELECTRICAL;118640329;sales1@miracleelectrical.co.za;
FISCHER SAFES AND SECURITY SOLUTIONS;117912304;robert@safeandsecurity.co.za;
A RAYA HOTELS BALMORAL HOTEL;313688220;rayacro3@mweb.co.za;
GROSS WORK WEAR UNIFORMS OVERALLS;800047677;tony@gross.co.za;
SOUTH AFRICAN SOCIAL SECURITY AGENCY (HANOVER);536430025;GrantsEnquiriesNC@sassa.gov.za;
THE CRAFT SHOP STEELWORK;116921991;nreed@telkomsa.net;
DESIGN HARDWARE (STRIJDOM PARK);113470200;callcentre@sasseta.org.za;
XPANDA (WEST COAST);227151535;bonvoy@telkomsa.net;
MOTORRADIO NETSTAR AND AIRCON CENTRE;112731110;;
CALMEG TRADING;219061240;;
GOSEAMLESS;117282047;info@goseamless.co.za;
PROTASS (PTY) LTD;114854203;kitty@protass.co.za;johann@protass.co.za,info@protass.co.za
KAIROS GUEST HOUSE;125476166;;
AMAPOGO PROTECTION SERVICES (PTY)LTD;860482737;;
SANDPALM DOORS CC;117432635;;
NKUNA SECURITY SERVICES;125463265;;
ELVEY SECURITY TECHNOLOGIES;114016700;;
KGOTSOSALANG TRADING & PROJECTS 38 CC;125462919;kgotsosalandpt@gmail.com;
TAURUS IT;795159432;info@taurusit.co.za;
KEMP MARKETING ENTERPRISES CC;184682693;mat@trellidordbn.co.za;
DYNAMIC SECURITY SOLUTIONS;514210321;info@fs-security.co.za;
POLICE SERVICE (SA) - HARTEBEESKOP;178821000;;
8 BIT PLATOON;725665772;action@8bitplatoon.com;
TINTING DYNAMICS;219110407;impressive@mweb.co.za;
SOUTH AFRICAN SOCIAL SECURITY AGENCY;536650052;;
MOLOI & KIRBY (PTY) LTD;313054663;0313054673@efg.co.za;
SOUTH AFRICAN POLICE (ADDO);123931055;;
MOTOR-TINT;114528970;motorsonic@motorsonic.co.za;
THE HOBS GROUP SOUTH AFRICA;862277706;info@thehobsgroup.co.za;
ADVANCED COMMUNICATIONS;413739194;pe@advcom.co.za;
PRETORIA CAR ALARM CENTRE;123228866;;
T J STEELWORKS;829541802;;
SUNRISE MONTESSORI PRE-SCHOOL;333421057;scasimjee@telkomsa.net;
TPN SECURITY SERVICES;119412514;info@tpnsecurityservices.cp.za;
BB TECHNOLOGIES;514305629;;
CASHBUILD (LICHTENBURG);186326235;;
SUREPRO CARPORTS AND FENCING;125243425;morne.r@telkomsa.net;
LAZER 911 SECURITY;861910911;;
CSIR;128412911;callcentre@csir.co.za;
EAST RAND SELF STORAGE;112624223;;
0861 NUTSMAN.CO.ZA (PTY) LTD;823666911;info@0861nutsman.co.za;
DESIGN HARDWARE (STRIJDOM PARK);113470200;callcentre@sasseta.org.za;
HYDROCYL INGENIEURSWERKE;116932302;hydrocy@wol.co.za;
D T ELECTRONICS;217851253;dtelectronics@telkomsa.net;
LIN'S SPORTS PUB;178116205;linsguesthouse@vodamail.co.za;
ABACUS GLASS;835049983;nickydefreitas@yahoo.com;
THE HOBS GROUP SOUTH AFRICA;862277706;info@thehobsgroup.co.za;
SINOVILLE FENCING;0861REDLINE;liza@sinovillefencing.co.za;
PULPETAAN GASTEHUIS;229131119;pulpetaan@gmail.com;
GAUTENG TRAVEL ACADEMY;124602747;natalie@travelacademy.co.za;
IT WINDOW;872349770;info@itwindow.co.za;
MILLENNIUM BODYGUARDS BUSINESS (PTY) LTD;128081084;info@mbgpta.co.za;
MOUNTAIN MIST;229521750;book@mountainmist.co.za;
SEQURE TRELLIS;125416555;info@sequre.co.za;
HARALAMBOUS CONSULTING;812474774;info@haraconsulting.co.za;
3K FENCE-IN CC;215564662;vwaltsleben@mweb.co.za;
KGOTSOSALANG TRADING & PROJECTS 38 CC;125462919;kgotsosalandpt@gmail.com;
POLICE SERVICE (SA);335061014;;
ADT SECURITY;317165535;;
M I S SECURITY;837286811;seanj@yahoo.com;
PLUMBERS DRAIN CLINIC;129981221;electricians@1sttek.co.za;
S A LOCKSMITHS;118227031;salocksmiths@vodamail.co.za;
SOUTH AFRICAN POLICE (ADDO);123931055;;
POLICE SERVICE (SA) (MALELANE);137902735;;
BURGLAR BAR STUDIO;217855412;info@burglarbarstudio.co.za;
P C CONCRETE/CLASSY CRETE;126645000;pcconcrete@telkomsa.net;
TAKALANI GATES & PALLISADES;118684709;;
SILICON OVERDRIVE CC;214485759;website@overdrive.co.za;
PALISADE WORX;826776596;;
GNG RISK MANAGEMENT AND SECURITY CC;116809235;gngriskmanagement@gmail.com;
INTREPID SECURITY CONSULTING CC;721387576;;
WHITE WALL WEB (PTY) LTD;214624969;info@whitewallweb.com;
CIPHERWAVE;106120600;info@cipherwave.co.za;
ELVEY SECURITY TECHNOLOGIES;114016700;;
SOTOBE'S LOCKSMITH;826423401;sotobe'slocksmith@gmail.com;
COROMA GAUTENG;114941488;info@coroma.co.za;
SOUTH AFRICAN POLICE (AFSONDERING);392568462;;
SOUTH AFRICAN POLICE (ORANJEVILLE);123931055;;
DARLING SECURITY SERVICES;224922011;hendrycleophas26@gmail.com;
CUTTERS AND FORMERS EMPORIUM;866685059;;
DELTALINK CONSULTING CC;114785443;sales@deltalink.co.za;
ACDC EXPRESS-PRETORIA EAST;874050620;;
SOTOBE'S LOCKSMITH;826423401;sotobe'slocksmith@gmail.com;
COMZTEK (PTY) LTD;118489000;mabelt@comztek.co.za;
MCM SRS PROJECTS KRUGERSDORP;712062386;info@mcmprojectmanagement.com;
